Rk,Player,Age,Team,Pos,G,GS,MP,FG,FGA,FG%,3P,3PA,3P%,2P,2PA,2P%,eFG%,FT,FTA,FT%,ORB,DRB,TRB,AST,STL,BLK,TOV,PF,PTS,Awards
1,James Harden,26,HOU,SG,82,82,3125,710,1617,0.439,236,657,0.359,474,960,0.494,0.512,720,837,0.86,63,438,501,612,139,51,374,229,2376,"MVP-9,AS"
2,Stephen Curry,27,GSW,PG,79,79,2700,805,1598,0.504,402,886,0.454,403,712,0.566,0.63,363,400,0.908,68,362,430,527,169,15,262,161,2375,"MVP-1,AS,NBA1"
3,Kevin Durant,27,OKC,SF,72,72,2578,698,1381,0.505,186,481,0.387,512,900,0.569,0.573,447,498,0.898,45,544,589,361,69,85,250,137,2029,"MVP-5,AS,NBA2"
4,LeBron James,31,CLE,SF,76,76,2709,737,1416,0.52,87,282,0.309,650,1134,0.573,0.551,359,491,0.731,111,454,565,514,104,49,249,143,1920,"MVP-3,DPOY-11,AS,NBA1"
5,Damian Lillard,25,POR,PG,75,75,2676,618,1474,0.419,229,610,0.375,389,864,0.45,0.497,414,464,0.892,45,257,302,512,65,28,242,165,1879,"MVP-8,NBA2"
6,Russell Westbrook,27,OKC,PG,80,80,2750,656,1444,0.454,101,341,0.296,555,1103,0.503,0.489,465,573,0.812,145,481,626,834,163,20,342,200,1878,"MVP-4,AS,NBA1"
7,Paul George,25,IND,SF,81,81,2819,605,1449,0.418,210,566,0.371,395,883,0.447,0.49,454,528,0.86,79,484,563,329,152,29,265,230,1874,"AS,NBA3"
8,DeMar DeRozan,26,TOR,SG,78,78,2804,614,1377,0.446,47,139,0.338,567,1238,0.458,0.463,555,653,0.85,64,285,349,315,81,21,175,167,1830,AS
9,Isaiah Thomas,26,BOS,PG,82,79,2644,591,1382,0.428,167,465,0.359,424,917,0.462,0.488,474,544,0.871,46,197,243,509,91,9,220,167,1823,AS
10,Klay Thompson,25,GSW,SG,80,80,2666,651,1386,0.47,276,650,0.425,375,736,0.51,0.569,193,221,0.873,35,271,306,166,60,49,138,152,1771,"AS,NBA3"
11,DeMarcus Cousins,25,SAC,C,65,65,2246,601,1332,0.451,70,210,0.333,531,1122,0.473,0.477,476,663,0.718,158,589,747,214,101,92,249,236,1748,"AS,NBA2"
12,Kemba Walker,25,CHO,PG,81,81,2885,568,1331,0.427,182,490,0.371,386,841,0.459,0.495,371,438,0.847,56,301,357,421,126,39,171,111,1689,
13,Andrew Wiggins,20,MIN,SF,81,81,2845,594,1294,0.459,57,190,0.3,537,1104,0.486,0.481,430,565,0.761,105,186,291,164,78,46,182,165,1675,
14,CJ McCollum,24,POR,SG,80,80,2780,641,1431,0.448,197,472,0.417,444,959,0.463,0.517,187,226,0.827,47,212,259,341,97,23,196,187,1666,MIP-1
15,Kyle Lowry,29,TOR,PG,77,77,2851,512,1198,0.427,212,547,0.388,300,651,0.461,0.516,398,491,0.811,55,310,365,494,158,34,225,211,1634,"MVP-10,DPOY-13,AS,NBA3"
16,Gordon Hayward,25,UTA,SF,80,80,2893,521,1202,0.433,143,410,0.349,378,792,0.477,0.493,393,477,0.824,61,336,397,296,95,27,202,183,1578,
17,Carmelo Anthony,31,NYK,SF,72,72,2530,567,1307,0.434,105,310,0.339,462,997,0.463,0.474,334,403,0.829,98,458,556,299,62,38,176,180,1573,AS
18,John Wall,25,WAS,PG,77,77,2784,572,1349,0.424,115,328,0.351,457,1021,0.448,0.467,272,344,0.791,42,337,379,789,145,59,318,159,1531,AS
19,Kawhi Leonard,24,SAS,SF,72,72,2380,551,1090,0.506,129,291,0.443,422,799,0.528,0.565,292,334,0.874,95,398,493,186,128,71,105,133,1523,"MVP-2,DPOY-1,AS,NBA1"
20,Karl-Anthony Towns,20,MIN,C,82,82,2627,625,1153,0.542,30,88,0.341,595,1065,0.559,0.555,223,275,0.811,229,629,858,161,58,138,183,245,1503,ROY-1
21,Brook Lopez,27,BRK,C,73,73,2457,591,1157,0.511,2,14,0.143,589,1143,0.515,0.512,317,403,0.787,204,369,573,147,58,124,175,215,1501,
22,Reggie Jackson,25,DET,PG,79,79,2424,540,1244,0.434,118,334,0.353,422,910,0.464,0.482,291,337,0.864,58,195,253,492,59,11,223,187,1489,
23,Anthony Davis,22,NOP,C,61,61,2164,560,1136,0.493,35,108,0.324,525,1028,0.511,0.508,326,430,0.758,130,497,627,116,78,125,121,148,1481,"DPOY-9,AS"
24,Chris Paul,30,LAC,PG,74,74,2420,515,1114,0.462,122,329,0.371,393,785,0.501,0.517,294,328,0.896,39,271,310,738,152,13,194,185,1446,"MVP-6,DPOY-13,AS,NBA2"
25,Khris Middleton,24,MIL,SG,79,79,2852,507,1142,0.444,143,361,0.396,364,781,0.466,0.507,277,312,0.888,44,258,302,331,131,19,180,204,1434,
Rk,Player,Age,Team,Pos,G,GS,MP,FG,FGA,FG%,3P,3PA,3P%,2P,2PA,2P%,eFG%,FT,FTA,FT%,ORB,DRB,TRB,AST,STL,BLK,TOV,PF,PTS,Awards
26,Dwyane Wade,34,MIA,SG,74,73,2258,540,1183,0.456,7,44,0.159,533,1139,0.468,0.459,322,406,0.793,82,220,302,344,79,42,203,116,1409,AS
27,Jimmy Butler,26,CHI,SG,67,67,2474,470,1035,0.454,64,205,0.312,406,830,0.489,0.485,395,475,0.832,79,279,358,321,110,43,132,124,1399,"DPOY-11,AS"
28,Paul Millsap,30,ATL,PF,81,81,2647,501,1066,0.47,74,232,0.319,427,834,0.512,0.505,309,408,0.757,198,534,732,265,147,139,191,237,1385,"DPOY-5,AS"
29,Dirk Nowitzki,37,DAL,PF,75,75,2364,498,1112,0.448,126,342,0.368,372,770,0.483,0.504,250,280,0.893,52,437,489,132,52,52,84,161,1372,
30,Giannis Antetokounmpo,21,MIL,PG,80,79,2823,513,1013,0.506,28,109,0.257,485,904,0.537,0.52,296,409,0.724,113,499,612,345,94,113,208,258,1350,
31,LaMarcus Aldridge,30,SAS,PF,74,74,2261,536,1045,0.513,0,16,0,536,1029,0.521,0.513,259,302,0.858,176,456,632,110,38,81,99,151,1331,"AS,NBA3"
32,Andre Drummond,22,DET,C,81,81,2666,552,1060,0.521,2,6,0.333,550,1054,0.522,0.522,208,586,0.355,395,803,1198,67,119,112,155,245,1314,"DPOY-10,AS,NBA3"
33,Al Horford,29,ATL,C,82,82,2631,529,1048,0.505,88,256,0.344,441,792,0.557,0.547,103,129,0.798,148,448,596,263,68,121,107,163,1249,"DPOY-13,AS"
34,Jeff Teague,27,ATL,PG,79,78,2255,434,988,0.439,110,275,0.4,324,713,0.454,0.495,261,312,0.837,33,181,214,470,97,24,218,167,1239,
35,Kevin Love,27,CLE,PF,77,77,2424,409,977,0.419,158,439,0.36,251,538,0.467,0.499,258,314,0.822,149,613,762,186,58,41,142,159,1234,
36,JJ Redick,31,LAC,SG,75,75,2097,422,880,0.48,200,421,0.475,222,459,0.484,0.593,182,205,0.888,10,129,139,106,42,5,78,135,1226,
37,Jordan Clarkson,23,LAL,SG,79,79,2552,475,1098,0.433,111,320,0.347,364,778,0.468,0.483,164,204,0.804,93,220,313,192,88,7,135,168,1225,
38,Evan Fournier,23,ORL,SF,79,71,2566,429,929,0.462,156,390,0.4,273,539,0.506,0.546,199,238,0.836,33,192,225,213,96,2,133,214,1213,
39,Greg Monroe,25,MIL,C,79,67,2314,491,941,0.522,0,1,0,491,940,0.522,0.522,228,308,0.74,218,478,696,178,72,67,129,163,1210,
40,Rudy Gay,29,SAC,SF,70,70,2379,466,1007,0.463,74,215,0.344,392,792,0.495,0.5,198,254,0.78,103,353,456,120,100,51,139,184,1204,
41,Pau Gasol,35,CHI,C,72,72,2291,467,995,0.469,24,69,0.348,443,926,0.478,0.481,229,289,0.792,155,638,793,294,42,146,164,148,1187,AS
42,Nikola Vučević,25,ORL,C,65,60,2037,533,1046,0.51,2,9,0.222,531,1037,0.512,0.511,113,150,0.753,174,402,576,179,53,70,123,173,1181,
43,Will Barton,25,DEN,SG,82,1,2353,425,983,0.432,112,325,0.345,313,658,0.476,0.489,216,268,0.806,59,417,476,203,71,39,139,147,1178,6MOY-4
44,Kobe Bryant,37,LAL,SF,66,66,1863,398,1113,0.358,133,467,0.285,265,646,0.41,0.417,232,281,0.826,41,206,247,184,62,13,129,115,1161,AS
45,Avery Bradley,25,BOS,SG,76,72,2536,456,1019,0.447,147,407,0.361,309,612,0.505,0.52,96,123,0.78,48,172,220,158,117,19,109,164,1155,DPOY-6
46,Victor Oladipo,23,ORL,SG,72,52,2379,425,970,0.438,98,282,0.348,327,688,0.475,0.489,205,247,0.83,48,297,345,282,116,54,153,174,1153,
47,Zach LaVine,20,MIN,SG,82,33,2294,433,959,0.452,123,316,0.389,310,643,0.482,0.516,161,203,0.793,27,201,228,251,69,17,155,193,1150,6MOY-14
48,Rodney Hood,23,UTA,SG,79,79,2541,408,972,0.42,161,449,0.359,247,523,0.472,0.503,172,200,0.86,38,229,267,213,73,16,125,202,1149,
49,Draymond Green,25,GSW,PF,81,81,2808,401,819,0.49,100,258,0.388,301,561,0.537,0.551,229,329,0.696,134,635,769,598,119,113,259,240,1131,"MVP-7,DPOY-2,AS,NBA2"
50,Marcus Morris,26,DET,SF,80,80,2856,410,945,0.434,108,298,0.362,302,647,0.467,0.491,203,271,0.749,91,313,404,201,67,23,140,170,1131,
Rk,Player,Age,Team,Pos,G,GS,MP,FG,FGA,FG%,3P,3PA,3P%,2P,2PA,2P%,eFG%,FT,FTA,FT%,ORB,DRB,TRB,AST,STL,BLK,TOV,PF,PTS,Awards
51,Ryan Anderson,27,NOP,PF,66,7,2008,397,929,0.427,131,358,0.366,266,571,0.466,0.498,199,228,0.873,131,265,396,73,38,25,90,109,1124,6MOY-6
52,Monta Ellis,30,IND,SG,81,81,2734,436,1021,0.427,87,282,0.309,349,739,0.472,0.47,162,206,0.786,42,229,271,383,150,37,203,174,1121,
53,Jamal Crawford,35,LAC,SG,79,5,2126,379,939,0.404,117,344,0.34,262,595,0.44,0.466,245,271,0.904,20,125,145,183,52,12,113,122,1120,6MOY-1
54,Tobias Harris,23,2TM,PF,76,74,2513,417,889,0.469,80,239,0.335,337,650,0.518,0.514,202,243,0.831,96,414,510,169,65,40,108,153,1116,
54,Tobias Harris,23,ORL,PF,49,49,1610,251,541,0.464,47,151,0.311,204,390,0.523,0.507,120,153,0.784,71,271,342,99,47,28,78,91,669,
54,Tobias Harris,23,DET,PF,27,25,903,166,348,0.477,33,88,0.375,133,260,0.512,0.524,82,90,0.911,25,143,168,70,18,12,30,62,447,
55,Kentavious Caldwell-Pope,22,DET,SG,76,76,2789,403,960,0.42,114,369,0.309,289,591,0.489,0.479,185,228,0.811,70,212,282,138,110,17,105,167,1105,
56,Thaddeus Young,27,BRK,PF,73,73,2407,495,963,0.514,7,30,0.233,488,933,0.523,0.518,105,163,0.644,176,484,660,136,112,37,136,182,1102,
57,Jrue Holiday,25,NOP,PG,65,23,1831,410,935,0.439,87,259,0.336,323,676,0.478,0.485,182,216,0.843,27,168,195,391,88,22,167,148,1089,6MOY-16
58,Derrick Rose,27,CHI,PG,66,66,2097,447,1048,0.427,44,150,0.293,403,898,0.449,0.448,142,179,0.793,46,179,225,311,44,14,175,84,1080,
59,Jabari Parker,20,MIL,PF,76,72,2408,443,899,0.493,9,35,0.257,434,864,0.502,0.498,175,228,0.768,123,272,395,130,69,29,116,154,1070,
60,D'Angelo Russell,19,LAL,PG,80,48,2259,392,956,0.41,130,370,0.351,262,586,0.447,0.478,140,190,0.737,47,227,274,266,93,13,196,142,1054,ROY-9
61,Devin Booker,19,PHO,SG,76,51,2108,367,867,0.423,99,289,0.343,268,578,0.464,0.48,215,256,0.84,27,160,187,200,44,20,160,225,1048,ROY-4
62,Nicolas Batum,27,CHO,SF,70,70,2448,372,873,0.426,139,399,0.348,233,474,0.492,0.506,163,192,0.849,55,373,428,403,65,43,205,114,1046,
63,Kyrie Irving,23,CLE,PG,53,53,1667,394,879,0.448,84,262,0.321,310,617,0.502,0.496,169,191,0.885,44,113,157,249,56,18,124,107,1041,
64,Zach Randolph,34,MEM,PF,68,53,2016,431,907,0.475,6,26,0.231,425,881,0.482,0.479,172,216,0.796,179,350,529,142,43,13,105,146,1040,
65,Hassan Whiteside,26,MIA,C,73,43,2125,413,682,0.606,0,0,,413,682,0.606,0.606,214,329,0.65,238,627,865,30,44,269,137,201,1040,DPOY-3
66,Jae Crowder,25,BOS,SF,73,73,2308,360,813,0.443,122,363,0.336,238,450,0.529,0.518,196,239,0.82,70,303,373,135,126,35,83,198,1038,DPOY-13
67,Enes Freedom,23,OKC,C,82,1,1721,414,719,0.576,10,21,0.476,404,698,0.579,0.583,200,251,0.797,249,415,664,33,26,33,115,166,1038,6MOY-3
68,Danilo Gallinari,27,DEN,SF,53,53,1839,287,700,0.41,87,239,0.364,200,461,0.434,0.472,375,432,0.868,52,229,281,135,42,19,77,87,1036,
69,Darren Collison,28,SAC,PG,74,15,2219,377,776,0.486,87,217,0.401,290,559,0.519,0.542,194,226,0.858,28,141,169,318,76,4,130,142,1035,6MOY-15
70,Kristaps Porziņģis,20,NYK,PF,72,72,2047,373,886,0.421,81,243,0.333,292,643,0.454,0.467,201,240,0.838,132,394,526,94,53,134,121,205,1028,ROY-2
71,Lou Williams,29,LAL,SG,67,35,1907,283,693,0.408,110,320,0.344,173,373,0.464,0.488,352,424,0.83,31,138,169,167,62,19,107,107,1028,
72,Trevor Ariza,30,HOU,SF,81,81,2859,357,859,0.416,185,499,0.371,172,360,0.478,0.523,126,161,0.783,67,299,366,188,160,26,113,177,1025,DPOY-13
73,Goran Dragić,29,MIA,PG,72,72,2363,417,875,0.477,64,205,0.312,353,670,0.527,0.513,120,165,0.727,54,223,277,419,71,17,185,188,1018,
Rk,Player,Age,Team,Pos,G,GS,MP,FG,FGA,FG%,3P,3PA,3P%,2P,2PA,2P%,eFG%,FT,FTA,FT%,ORB,DRB,TRB,AST,STL,BLK,TOV,PF,PTS,Awards
74,Brandon Knight,24,PHO,SG,52,50,1870,371,895,0.415,120,351,0.342,251,544,0.461,0.482,156,183,0.852,36,166,202,263,61,20,177,124,1018,
75,Derrick Favors,24,UTA,PF,62,59,1983,418,811,0.515,0,4,0,418,807,0.518,0.515,180,254,0.709,169,334,503,94,74,91,104,150,1016,
76,Marcin Gortat,31,WAS,C,75,74,2256,433,764,0.567,0,1,0,433,763,0.567,0.567,146,207,0.705,222,519,741,106,47,96,121,193,1012,
77,Chris Bosh,31,MIA,PF,53,53,1778,358,767,0.467,81,222,0.365,277,545,0.508,0.52,213,268,0.795,48,342,390,128,36,34,78,101,1010,AS
78,Joe Johnson,34,2TM,SF,81,81,2703,377,859,0.439,120,313,0.383,257,546,0.471,0.509,118,142,0.831,49,243,292,318,61,4,159,146,992,
78,Joe Johnson,34,BRK,SF,57,57,1934,247,608,0.406,85,229,0.371,162,379,0.427,0.476,92,108,0.852,34,190,224,232,40,2,116,100,671,
78,Joe Johnson,34,MIA,SF,24,24,769,130,251,0.518,35,84,0.417,95,167,0.569,0.588,26,34,0.765,15,53,68,86,21,2,43,46,321,
79,Serge Ibaka,26,OKC,PF,78,78,2500,416,869,0.479,60,184,0.326,356,685,0.52,0.513,91,121,0.752,141,392,533,66,38,148,108,211,983,
80,DeAndre Jordan,27,LAC,C,77,77,2598,357,508,0.703,0,1,0,357,507,0.704,0.703,266,619,0.43,267,792,1059,90,51,177,107,207,980,"DPOY-4,NBA1"
81,Wesley Matthews,29,DAL,SF,78,78,2644,331,854,0.388,189,525,0.36,142,329,0.432,0.498,126,146,0.863,27,211,238,151,78,17,78,179,977,
82,Dwight Howard,30,HOU,C,71,71,2280,372,600,0.62,0,6,0,372,594,0.626,0.62,232,474,0.489,238,597,835,98,69,113,166,219,976,
83,Ish Smith,27,2TM,PG,77,53,2239,397,967,0.411,56,170,0.329,341,797,0.428,0.44,122,176,0.693,43,262,305,502,88,24,175,133,972,
83,Ish Smith,27,NOP,PG,27,3,617,98,228,0.43,10,33,0.303,88,195,0.451,0.452,33,43,0.767,14,78,92,154,24,6,45,38,239,
83,Ish Smith,27,PHI,PG,50,50,1622,299,739,0.405,46,137,0.336,253,602,0.42,0.436,89,133,0.669,29,184,213,348,64,18,130,95,733,
84,Mirza Teletović,30,PHO,PF,79,1,1686,332,777,0.427,181,460,0.393,151,317,0.476,0.544,120,155,0.774,55,247,302,89,32,21,84,159,965,6MOY-16
85,Bradley Beal,22,WAS,SG,55,35,1708,359,799,0.449,105,271,0.387,254,528,0.481,0.515,135,176,0.767,41,147,188,162,54,11,112,117,958,
86,J.R. Smith,30,CLE,SG,77,77,2362,353,850,0.415,204,510,0.4,149,340,0.438,0.535,45,71,0.634,43,174,217,130,81,21,59,204,955,
87,Marvin Williams,29,CHO,PF,81,81,2338,338,747,0.452,152,378,0.402,186,369,0.504,0.554,120,144,0.833,127,394,521,110,58,77,62,133,948,
88,Jeff Green,29,2TM,SF,80,41,2253,354,824,0.43,67,213,0.315,287,611,0.47,0.47,164,220,0.745,74,258,332,138,58,40,93,164,939,
88,Jeff Green,29,MEM,SF,53,31,1544,240,557,0.431,42,136,0.309,198,421,0.47,0.469,124,155,0.8,55,186,241,98,40,19,69,102,646,
88,Jeff Green,29,LAC,SF,27,10,709,114,267,0.427,25,77,0.325,89,190,0.468,0.474,40,65,0.615,19,72,91,40,18,21,24,62,293,
89,Gary Harris,21,DEN,SG,76,76,2439,359,765,0.469,105,297,0.354,254,468,0.543,0.538,109,133,0.82,54,166,220,147,97,18,98,143,932,
90,Jahlil Okafor,20,PHI,C,53,48,1591,397,781,0.508,1,6,0.167,396,775,0.511,0.509,133,194,0.686,122,251,373,65,22,61,124,140,928,ROY-5
91,Julius Randle,21,LAL,PF,81,60,2286,358,835,0.429,10,36,0.278,348,799,0.436,0.435,193,270,0.715,172,657,829,144,53,29,149,242,919,
92,Deron Williams,31,DAL,PG,65,63,2106,321,775,0.414,97,282,0.344,224,493,0.454,0.477,179,206,0.869,19,171,190,378,61,14,150,155,918,
Rk,Player,Age,Team,Pos,G,GS,MP,FG,FGA,FG%,3P,3PA,3P%,2P,2PA,2P%,eFG%,FT,FTA,FT%,ORB,DRB,TRB,AST,STL,BLK,TOV,PF,PTS,Awards
93,Jeremy Lin,27,CHO,SG,78,13,2048,300,728,0.412,76,226,0.336,224,502,0.446,0.464,238,292,0.815,42,211,253,235,58,42,150,165,914,6MOY-7
94,Luol Deng,30,MIA,PF,74,73,2394,339,745,0.455,88,256,0.344,251,489,0.513,0.514,145,192,0.755,108,335,443,140,74,29,81,122,911,
95,Arron Afflalo,30,NYK,SG,71,57,2371,354,799,0.443,91,238,0.382,263,561,0.469,0.5,110,131,0.84,23,243,266,144,25,10,82,142,909,
96,George Hill,29,IND,PG,74,73,2524,326,739,0.441,128,314,0.408,198,425,0.466,0.528,114,150,0.76,58,240,298,259,83,17,101,149,894,
97,Bojan Bogdanović,26,BRK,SF,79,39,2115,324,749,0.433,129,338,0.382,195,411,0.474,0.519,110,132,0.833,36,219,255,99,29,5,115,119,887,
98,Dennis Schröder,22,ATL,PG,80,6,1621,329,781,0.421,77,239,0.322,252,542,0.465,0.471,144,182,0.791,25,179,204,349,70,9,183,138,879,6MOY-9
99,Kent Bazemore,26,ATL,SF,75,68,2083,320,725,0.441,109,305,0.357,211,420,0.502,0.517,123,151,0.815,28,351,379,171,98,38,138,176,872,
100,Emmanuel Mudiay,19,DEN,PG,68,66,2068,329,905,0.364,74,232,0.319,255,673,0.379,0.404,140,209,0.67,32,200,232,372,65,35,217,141,872,ROY-7
101,Otto Porter Jr.,22,WAS,SF,75,73,2276,339,717,0.473,98,267,0.367,241,450,0.536,0.541,95,126,0.754,97,294,391,120,105,32,70,163,871,
102,Shabazz Muhammad,23,MIN,SF,82,0,1682,317,681,0.465,44,152,0.289,273,529,0.516,0.498,185,242,0.764,100,167,267,52,24,7,70,94,863,
103,Marc Gasol,31,MEM,C,52,52,1791,328,707,0.464,2,3,0.667,326,704,0.463,0.465,203,245,0.829,58,304,362,196,50,70,118,141,861,
104,Rajon Rondo,29,SAC,PG,72,72,2537,355,782,0.454,62,170,0.365,293,612,0.479,0.494,87,150,0.58,77,358,435,839,141,10,278,175,859,
105,Robert Covington,25,PHI,SF,67,49,1903,274,712,0.385,170,482,0.353,104,230,0.452,0.504,140,177,0.791,65,354,419,97,105,40,143,232,858,
106,Mike Conley,28,MEM,PG,56,56,1761,294,696,0.422,78,215,0.363,216,481,0.449,0.478,191,229,0.834,26,138,164,342,67,16,84,100,857,
107,Tony Parker,33,SAS,PG,72,72,1980,350,710,0.493,27,65,0.415,323,645,0.501,0.512,130,171,0.76,17,159,176,379,54,11,131,114,857,
108,Evan Turner,27,BOS,SG,81,12,2271,343,753,0.456,20,83,0.241,323,670,0.482,0.469,148,179,0.827,50,347,397,359,80,28,169,139,854,6MOY-5
109,Isaiah Canaan,24,PHI,SG,77,39,1966,260,722,0.36,176,485,0.363,84,237,0.354,0.482,150,180,0.833,20,154,174,137,56,12,91,133,846,
110,Robin Lopez,27,NYK,C,82,82,2219,357,662,0.539,0,1,0,357,661,0.54,0.539,128,161,0.795,268,334,602,114,16,129,133,182,842,
111,Al-Farouq Aminu,25,POR,SF,82,82,2341,299,719,0.416,126,349,0.361,173,370,0.468,0.503,115,156,0.737,98,401,499,138,72,53,120,171,839,
112,Chandler Parsons,27,DAL,SF,61,51,1799,320,651,0.492,104,251,0.414,216,400,0.54,0.571,93,136,0.684,29,256,285,169,46,21,95,114,837,
113,Kenneth Faried,26,DEN,PF,67,64,1694,349,626,0.558,1,2,0.5,348,624,0.558,0.558,136,222,0.613,235,346,581,79,32,60,91,169,835,
114,Jared Sullinger,23,BOS,PF,81,73,1915,351,806,0.435,29,103,0.282,322,703,0.458,0.453,103,161,0.64,194,479,673,187,75,47,102,209,834,
115,Allen Crabbe,23,POR,SG,81,8,2105,311,678,0.459,112,285,0.393,199,393,0.506,0.541,98,113,0.867,27,189,216,99,63,16,64,192,832,6MOY-16
116,Gorgui Dieng,26,MIN,C,82,39,2220,308,579,0.532,6,20,0.3,302,559,0.54,0.537,205,248,0.827,157,428,585,143,94,96,140,219,827,
117,Omri Casspi,27,SAC,PF,69,21,1880,299,622,0.481,112,274,0.409,187,348,0.537,0.571,103,159,0.648,58,352,410,95,56,17,94,154,813,
Rk,Player,Age,Team,Pos,G,GS,MP,FG,FGA,FG%,3P,3PA,3P%,2P,2PA,2P%,eFG%,FT,FTA,FT%,ORB,DRB,TRB,AST,STL,BLK,TOV,PF,PTS,Awards
118,Ramon Sessions,29,WAS,PG,82,5,1667,280,592,0.473,36,111,0.324,244,481,0.507,0.503,214,283,0.756,25,178,203,239,46,5,115,102,810,
119,J.J. Barea,31,DAL,PG,74,16,1667,317,711,0.446,100,260,0.385,217,451,0.481,0.516,74,96,0.771,26,126,152,302,26,2,113,110,808,6MOY-12
120,Nikola Jokić,20,DEN,C,80,55,1733,307,600,0.512,28,84,0.333,279,516,0.541,0.535,154,190,0.811,181,379,560,189,79,50,104,208,796,ROY-3
121,Elfrid Payton,21,ORL,PG,73,69,2145,318,730,0.436,30,92,0.326,288,638,0.451,0.456,112,190,0.589,77,184,261,468,89,20,177,159,778,
122,Nikola Mirotić,24,CHI,PF,66,38,1646,248,609,0.407,135,346,0.39,113,263,0.43,0.518,146,181,0.807,58,304,362,100,58,46,102,151,777,
123,Harrison Barnes,23,GSW,SF,66,59,2042,295,633,0.466,82,214,0.383,213,419,0.508,0.531,102,134,0.761,77,248,325,117,41,10,57,136,774,
124,Jonas Valančiūnas,23,TOR,C,60,59,1557,303,536,0.565,0,0,,303,536,0.565,0.565,162,213,0.761,184,363,547,42,25,80,85,158,768,
125,Ersan İlyasova,28,2TM,PF,74,56,1881,280,661,0.424,96,259,0.371,184,402,0.458,0.496,111,154,0.721,144,259,403,67,52,33,71,171,767,
125,Ersan İlyasova,28,DET,PF,52,52,1434,216,508,0.425,78,215,0.363,138,293,0.471,0.502,79,109,0.725,99,183,282,55,38,27,59,120,589,
125,Ersan İlyasova,28,ORL,PF,22,4,447,64,153,0.418,18,44,0.409,46,109,0.422,0.477,32,45,0.711,45,76,121,12,14,6,12,51,178,
126,Ricky Rubio,25,MIN,PG,76,76,2323,219,586,0.374,62,190,0.326,157,396,0.396,0.427,266,314,0.847,40,286,326,658,162,10,193,201,766,
127,Markieff Morris,26,2TM,PF,64,45,1629,305,718,0.425,47,155,0.303,258,563,0.458,0.458,108,147,0.735,73,279,352,124,58,34,135,184,765,
127,Markieff Morris,26,PHO,PF,37,24,917,171,431,0.397,22,76,0.289,149,355,0.42,0.422,66,92,0.717,43,151,194,87,33,17,90,104,430,
127,Markieff Morris,26,WAS,PF,27,21,712,134,287,0.467,25,79,0.316,109,208,0.524,0.51,42,55,0.764,30,128,158,37,25,17,45,80,335,
128,Doug McDermott,24,CHI,SF,81,4,1861,291,644,0.452,110,259,0.425,181,385,0.47,0.537,72,84,0.857,37,158,195,59,14,6,53,127,764,
129,Raymond Felton,31,DAL,PG,80,31,2192,277,682,0.406,60,213,0.282,217,469,0.463,0.45,149,176,0.847,36,222,258,284,68,15,121,141,763,
130,Dion Waiters,24,OKC,SG,78,15,2152,282,706,0.399,86,240,0.358,196,466,0.421,0.46,112,157,0.713,36,166,202,154,81,15,120,143,762,
131,Courtney Lee,30,2TM,SG,79,65,2334,290,639,0.454,82,217,0.378,208,422,0.493,0.518,99,118,0.839,29,176,205,136,85,28,72,134,761,
131,Courtney Lee,30,MEM,SG,51,37,1489,192,419,0.458,51,138,0.37,141,281,0.502,0.519,76,92,0.826,19,99,118,76,52,16,49,79,511,
131,Courtney Lee,30,CHO,SG,28,28,845,98,220,0.445,31,79,0.392,67,141,0.475,0.516,23,26,0.885,10,77,87,60,33,12,23,55,250,
132,Matt Barnes,35,MEM,SF,76,45,2190,264,693,0.381,119,370,0.322,145,323,0.449,0.467,111,138,0.804,84,336,420,163,78,57,121,234,758,
133,Hollis Thompson,24,PHI,SG,77,17,2154,270,680,0.397,149,392,0.38,121,288,0.42,0.507,69,96,0.719,54,218,272,99,36,24,76,187,758,
134,C.J. Miles,28,IND,SF,64,24,1464,259,634,0.409,142,387,0.367,117,247,0.474,0.521,93,124,0.75,25,150,175,63,53,29,70,142,753,
135,Jerami Grant,21,PHI,PF,77,52,2066,251,599,0.419,35,146,0.24,216,453,0.477,0.448,212,322,0.658,99,262,361,135,54,127,110,215,749,
136,Blake Griffin,26,LAC,PF,35,35,1170,301,603,0.499,6,18,0.333,295,585,0.504,0.504,141,194,0.727,51,243,294,170,28,17,83,95,749,
Rk,Player,Age,Team,Pos,G,GS,MP,FG,FGA,FG%,3P,3PA,3P%,2P,2PA,2P%,eFG%,FT,FTA,FT%,ORB,DRB,TRB,AST,STL,BLK,TOV,PF,PTS,Awards
137,Mason Plumlee,25,POR,C,82,82,2084,267,517,0.516,0,4,0,267,513,0.52,0.516,215,335,0.642,201,427,628,226,68,85,154,253,749,
138,Nerlens Noel,21,PHI,C,67,62,1965,306,587,0.521,1,2,0.5,305,585,0.521,0.522,134,227,0.59,154,388,542,122,118,100,158,192,747,
139,Derrick Williams,24,NYK,SF,80,9,1435,254,565,0.45,44,150,0.293,210,415,0.506,0.488,194,256,0.758,47,249,296,75,29,9,61,69,746,
140,Kyle Korver,34,ATL,SG,80,80,2401,268,616,0.435,158,397,0.398,110,219,0.502,0.563,45,54,0.833,14,246,260,164,60,35,98,161,739,
141,Terrence Ross,24,TOR,SF,73,7,1747,270,626,0.431,131,339,0.386,139,287,0.484,0.536,49,62,0.79,21,164,185,56,54,25,46,120,720,
142,Aaron Gordon,20,ORL,PF,78,37,1863,274,579,0.473,42,142,0.296,232,437,0.531,0.509,129,193,0.668,154,353,507,128,59,55,66,153,719,
143,Alex Len,22,PHO,C,78,46,1821,264,624,0.423,1,7,0.143,263,617,0.426,0.424,174,239,0.728,178,416,594,97,38,62,145,230,703,
144,Patrick Beverley,27,HOU,PG,71,63,2041,258,594,0.434,124,310,0.4,134,284,0.472,0.539,60,88,0.682,73,177,250,239,94,26,91,234,700,
145,Marco Belinelli,29,SAC,SG,68,7,1672,245,635,0.386,91,297,0.306,154,338,0.456,0.457,115,138,0.833,10,107,117,127,37,2,80,91,696,
146,Patty Mills,27,SAS,PG,81,3,1662,260,612,0.425,123,320,0.384,137,292,0.469,0.525,47,58,0.81,27,131,158,226,59,6,76,102,690,
147,Kelly Olynyk,24,BOS,C,69,8,1395,253,556,0.455,85,210,0.405,168,346,0.486,0.531,96,128,0.75,72,209,281,105,52,33,74,163,687,
148,Eric Gordon,27,NOP,SG,45,44,1481,231,552,0.418,113,294,0.384,118,258,0.457,0.521,111,125,0.888,10,89,99,121,43,14,73,98,686,
149,Trey Burke,23,UTA,PG,64,0,1366,262,634,0.413,88,256,0.344,174,378,0.46,0.483,67,82,0.817,18,94,112,148,35,6,80,86,679,
150,Cory Joseph,24,TOR,SG,80,4,2046,257,585,0.439,30,110,0.273,227,475,0.478,0.465,133,174,0.764,39,171,210,250,63,20,102,131,677,
151,Luis Scola,35,TOR,PF,76,76,1636,269,598,0.45,65,161,0.404,204,437,0.467,0.504,61,84,0.726,84,276,360,66,46,27,68,178,664,
152,Ian Mahinmi,29,IND,C,71,71,1816,264,448,0.589,0,0,,264,448,0.589,0.589,132,225,0.587,138,369,507,104,65,75,100,220,660,
153,P.J. Tucker,30,PHO,SF,82,80,2540,239,582,0.411,68,206,0.33,171,376,0.455,0.469,106,142,0.746,165,347,512,177,106,20,111,202,652,
154,Zaza Pachulia,31,DAL,C,76,69,2004,219,470,0.466,0,3,0,219,467,0.469,0.466,212,276,0.768,249,469,718,128,64,22,119,181,650,
155,Jordan Hill,28,IND,C,73,11,1513,278,549,0.506,0,1,0,278,548,0.507,0.506,89,125,0.712,156,295,451,87,36,37,92,155,645,
156,Tristan Thompson,24,CLE,PF,82,34,2269,247,420,0.588,0,0,,247,420,0.588,0.588,149,242,0.616,268,470,738,62,38,51,61,202,643,6MOY-10
157,Jared Dudley,30,WAS,PF,81,41,2098,233,487,0.478,100,238,0.42,133,249,0.534,0.581,72,98,0.735,54,232,286,170,75,18,80,190,638,
158,Cody Zeller,23,CHO,C,73,60,1774,231,437,0.529,1,10,0.1,230,427,0.539,0.53,175,232,0.754,138,317,455,71,57,63,68,204,638,
159,Steven Adams,22,OKC,C,80,80,2014,261,426,0.613,0,0,,261,426,0.613,0.613,114,196,0.582,219,314,533,62,42,89,84,223,636,
160,Eric Bledsoe,26,PHO,PG,31,31,1059,223,492,0.453,48,129,0.372,175,363,0.482,0.502,138,172,0.802,18,107,125,190,63,19,110,75,632,
161,Mario Chalmers,29,2TM,PG,61,7,1373,182,444,0.41,46,149,0.309,136,295,0.461,0.462,218,262,0.832,24,133,157,230,88,13,110,181,628,
Rk,Player,Age,Team,Pos,G,GS,MP,FG,FGA,FG%,3P,3PA,3P%,2P,2PA,2P%,eFG%,FT,FTA,FT%,ORB,DRB,TRB,AST,STL,BLK,TOV,PF,PTS,Awards
161,Mario Chalmers,29,MIA,PG,6,0,120,10,32,0.313,1,11,0.091,9,21,0.429,0.328,12,13,0.923,1,13,14,19,8,1,9,16,33,
161,Mario Chalmers,29,MEM,PG,55,7,1253,172,412,0.417,45,138,0.326,127,274,0.464,0.472,206,249,0.827,23,120,143,211,80,12,101,165,595,
162,Taj Gibson,30,CHI,PF,73,55,1936,263,500,0.526,0,3,0,263,497,0.529,0.526,101,146,0.692,206,298,504,106,47,77,78,180,627,
163,Langston Galloway,24,NYK,PG,82,7,2033,231,588,0.393,77,224,0.344,154,364,0.423,0.458,86,114,0.754,43,245,288,207,77,22,61,177,625,
164,Gerald Henderson,28,POR,SG,72,0,1431,232,529,0.439,48,136,0.353,184,393,0.468,0.484,112,146,0.767,30,181,211,75,39,19,68,87,624,
165,Michael Carter-Williams,24,MIL,PG,54,37,1649,251,555,0.452,15,55,0.273,236,500,0.472,0.466,106,162,0.654,48,228,276,281,80,41,153,162,623,
166,Myles Turner,19,IND,C,60,30,1367,264,530,0.498,3,14,0.214,261,516,0.506,0.501,88,121,0.727,68,264,332,41,25,86,67,158,619,ROY-8
167,Nik Stauskas,22,PHI,SG,73,35,1809,210,545,0.385,106,325,0.326,104,220,0.473,0.483,91,118,0.771,23,160,183,138,44,20,94,115,617,
168,Gerald Green,30,MIA,SG,69,14,1557,230,587,0.392,84,260,0.323,146,327,0.446,0.463,72,92,0.783,25,138,163,56,38,19,46,123,616,
169,Frank Kaminsky,22,CHO,C,81,3,1708,215,525,0.41,68,202,0.337,147,323,0.455,0.474,108,148,0.73,69,266,335,98,38,43,58,126,606,
170,Stanley Johnson,19,DET,SF,73,6,1687,225,600,0.375,63,205,0.307,162,395,0.41,0.428,80,102,0.784,58,248,306,118,55,12,114,178,593,
171,Austin Rivers,23,LAC,SG,67,7,1464,226,516,0.438,62,185,0.335,164,331,0.495,0.498,79,116,0.681,22,108,130,99,48,9,61,137,593,
172,Corey Brewer,29,HOU,SF,82,12,1669,212,552,0.384,61,224,0.272,151,328,0.46,0.439,105,140,0.75,42,157,199,109,84,19,78,168,590,
173,Marcus Thornton,28,2TM,SG,61,8,1109,216,542,0.399,91,270,0.337,125,272,0.46,0.482,67,79,0.848,38,112,150,85,47,4,51,90,590,
173,Marcus Thornton,28,HOU,SG,47,6,885,174,435,0.4,73,216,0.338,101,219,0.461,0.484,51,58,0.879,31,84,115,66,34,3,40,73,472,
173,Marcus Thornton,28,WAS,SG,14,2,224,42,107,0.393,18,54,0.333,24,53,0.453,0.477,16,21,0.762,7,28,35,19,13,1,11,17,118,
174,Wayne Ellington,28,BRK,SG,76,41,1615,218,561,0.389,96,268,0.358,122,293,0.416,0.474,54,63,0.857,20,154,174,83,48,5,45,82,586,
175,Garrett Temple,29,WAS,SF,80,43,1951,201,505,0.398,89,258,0.345,112,247,0.453,0.486,91,125,0.728,36,176,212,140,69,18,64,195,582,
176,Jeremy Lamb,23,CHO,SG,66,0,1227,230,510,0.451,56,181,0.309,174,329,0.529,0.506,64,88,0.727,44,208,252,77,42,30,50,105,580,
177,JaMychal Green,25,MEM,PF,78,15,1446,230,495,0.465,15,45,0.333,215,450,0.478,0.48,103,137,0.752,139,234,373,67,46,33,83,189,578,
178,Amir Johnson,28,BOS,PF,79,76,1800,249,426,0.585,10,43,0.233,239,383,0.624,0.596,69,121,0.57,178,327,505,138,52,83,94,214,577,
179,Lance Stephenson,25,2TM,SF,69,13,1372,228,474,0.481,30,78,0.385,198,396,0.5,0.513,87,111,0.784,40,183,223,133,43,9,94,135,573,
179,Lance Stephenson,25,LAC,SF,43,10,680,82,166,0.494,19,47,0.404,63,119,0.529,0.551,21,30,0.7,19,89,108,60,24,3,48,79,204,
179,Lance Stephenson,25,MEM,SF,26,3,692,146,308,0.474,11,31,0.355,135,277,0.487,0.492,66,81,0.815,21,94,115,73,19,6,46,56,369,
180,Danny Green,28,SAS,SG,79,79,2062,211,561,0.376,116,349,0.332,95,212,0.448,0.48,34,46,0.739,48,255,303,141,79,64,75,141,572,
Rk,Player,Age,Team,Pos,G,GS,MP,FG,FGA,FG%,3P,3PA,3P%,2P,2PA,2P%,eFG%,FT,FTA,FT%,ORB,DRB,TRB,AST,STL,BLK,TOV,PF,PTS,Awards
181,Matthew Dellavedova,25,CLE,PG,76,14,1867,207,511,0.405,98,239,0.41,109,272,0.401,0.501,57,66,0.864,33,129,162,337,44,9,116,178,569,
182,Jon Leuer,26,PHO,PF,67,27,1255,224,466,0.481,42,110,0.382,182,356,0.511,0.526,77,101,0.762,76,297,373,72,38,30,75,125,567,
183,Shane Larkin,23,BRK,PG,78,17,1751,222,502,0.442,39,108,0.361,183,394,0.464,0.481,83,107,0.776,28,152,180,342,95,12,146,121,566,
184,Al Jefferson,31,CHO,C,47,18,1096,245,505,0.485,0,0,,245,505,0.485,0.485,72,111,0.649,57,244,301,70,30,41,34,117,562,
185,Marcus Smart,21,BOS,PG,61,10,1667,184,529,0.348,61,241,0.253,123,288,0.427,0.405,129,166,0.777,76,179,255,185,91,18,80,183,558,
186,Rudy Gobert,23,UTA,C,61,60,1932,198,354,0.559,0,0,,198,354,0.559,0.559,161,283,0.569,208,460,668,91,45,135,114,163,557,DPOY-7
187,Manu Ginóbili,38,SAS,SG,58,0,1134,197,435,0.453,70,179,0.391,127,256,0.496,0.533,91,112,0.813,26,120,146,177,66,11,99,99,555,
188,David West,35,SAS,PF,78,19,1404,244,448,0.545,3,7,0.429,241,441,0.546,0.548,63,80,0.788,72,237,309,143,44,55,68,142,554,
189,Wesley Johnson,28,LAC,SF,80,9,1666,208,515,0.404,103,309,0.333,105,206,0.51,0.504,30,46,0.652,37,211,248,49,89,56,54,173,549,
190,Jason Smith,29,ORL,C,76,2,1181,244,503,0.485,4,16,0.25,240,487,0.493,0.489,54,67,0.806,53,166,219,62,33,65,57,163,546,
191,José Calderón,34,NYK,PG,72,72,2024,209,455,0.459,84,203,0.414,125,252,0.496,0.552,42,48,0.875,22,207,229,298,63,7,87,135,544,
192,Patrick Patterson,26,TOR,PF,79,0,2020,204,493,0.414,106,293,0.362,98,200,0.49,0.521,29,34,0.853,77,265,342,94,53,32,65,128,543,6MOY-16
193,Clint Capela,21,HOU,C,77,35,1471,231,397,0.582,0,1,0,231,396,0.583,0.582,80,211,0.379,194,300,494,47,59,92,60,190,542,
194,Jerryd Bayless,27,MIL,SG,52,18,1505,185,437,0.423,101,231,0.437,84,206,0.408,0.539,70,90,0.778,21,120,141,163,47,11,73,111,541,
195,Tony Allen,34,MEM,SG,64,57,1620,215,469,0.458,15,42,0.357,200,427,0.468,0.474,90,138,0.652,104,192,296,70,110,18,78,175,535,DPOY-8
196,Toney Douglas,29,NOP,PG,61,18,1262,183,445,0.411,81,203,0.399,102,242,0.421,0.502,84,99,0.848,25,118,143,157,70,5,64,131,531,
197,Ben McLemore,22,SAC,SG,68,53,1443,195,455,0.429,67,185,0.362,128,270,0.474,0.502,74,103,0.718,34,114,148,79,52,10,99,140,531,
198,Kosta Koufos,26,SAC,C,78,14,1482,236,444,0.532,0,0,,236,444,0.532,0.532,57,104,0.548,169,254,423,33,40,70,48,185,529,
199,Darrell Arthur,27,DEN,PF,70,16,1516,221,489,0.452,45,117,0.385,176,372,0.473,0.498,40,53,0.755,86,207,293,96,53,48,66,185,527,
200,Ed Davis,26,POR,PF,81,0,1684,206,337,0.611,0,0,,206,337,0.611,0.611,114,204,0.559,224,375,599,88,57,72,64,202,526,6MOY-8
201,Nenê,33,WAS,PF,57,11,1094,209,384,0.544,0,3,0,209,381,0.549,0.544,107,185,0.578,52,207,259,97,54,26,76,156,525,
202,Tim Duncan,39,SAS,C,61,60,1536,215,441,0.488,0,2,0,215,439,0.49,0.488,92,131,0.702,115,332,447,163,47,78,90,125,522,
203,Rodney Stuckey,29,IND,PG,58,1,1275,183,443,0.413,20,83,0.241,163,360,0.453,0.436,131,158,0.829,19,137,156,142,43,8,76,77,517,
204,T.J. Warren,22,PHO,SF,47,4,1070,221,441,0.501,28,70,0.4,193,371,0.52,0.533,45,64,0.703,57,90,147,44,37,16,32,94,515,
205,Aron Baynes,29,DET,C,81,1,1233,194,384,0.505,0,2,0,194,382,0.508,0.505,126,165,0.764,140,244,384,51,21,52,67,151,514,
Rk,Player,Age,Team,Pos,G,GS,MP,FG,FGA,FG%,3P,3PA,3P%,2P,2PA,2P%,eFG%,FT,FTA,FT%,ORB,DRB,TRB,AST,STL,BLK,TOV,PF,PTS,Awards
206,Kevin Martin,32,2TM,SG,55,13,1095,156,419,0.372,49,136,0.36,107,283,0.378,0.431,153,172,0.89,14,96,110,58,26,3,54,83,514,
206,Kevin Martin,32,MIN,SG,39,12,834,126,334,0.377,38,103,0.369,88,231,0.381,0.434,125,142,0.88,10,71,81,46,17,1,41,68,415,
206,Kevin Martin,32,SAS,SG,16,1,261,30,85,0.353,11,33,0.333,19,52,0.365,0.418,28,30,0.933,4,25,29,12,9,2,13,15,99,
207,Marreese Speights,28,GSW,C,72,0,832,197,456,0.432,24,62,0.387,173,394,0.439,0.458,94,114,0.825,77,162,239,61,19,34,66,117,512,
208,Meyers Leonard,23,POR,PF,61,10,1333,195,435,0.448,86,228,0.377,109,207,0.527,0.547,35,46,0.761,51,263,314,92,8,18,77,183,511,
209,Archie Goodwin,21,PHO,PG,57,13,1114,176,422,0.417,23,99,0.232,153,323,0.474,0.444,130,193,0.674,27,115,142,118,27,13,100,84,505,
210,Justise Winslow,19,MIA,SF,78,8,2232,195,462,0.422,32,116,0.276,163,346,0.471,0.457,80,117,0.684,81,322,403,117,68,26,95,184,502,ROY-6
211,Maurice Harkless,22,POR,SF,78,14,1457,195,411,0.474,39,140,0.279,156,271,0.576,0.522,69,111,0.622,101,179,280,67,49,35,62,124,498,
212,T.J. McConnell,23,PHI,PG,81,17,1606,218,464,0.47,31,89,0.348,187,375,0.499,0.503,26,41,0.634,43,207,250,367,95,10,140,114,493,
213,Aaron Brooks,31,CHI,PG,69,0,1108,188,469,0.401,66,185,0.357,122,284,0.43,0.471,49,64,0.766,21,80,101,180,30,10,82,132,491,
214,Shaun Livingston,30,GSW,PG,78,3,1520,203,379,0.536,2,12,0.167,201,367,0.548,0.538,80,93,0.86,42,127,169,237,57,27,78,140,488,6MOY-11
215,Trey Lyles,20,UTA,PF,80,33,1382,191,436,0.438,49,128,0.383,142,308,0.461,0.494,57,82,0.695,59,240,299,59,26,18,65,114,488,
216,Devin Harris,32,DAL,PG,64,0,1280,167,374,0.447,52,158,0.329,115,216,0.532,0.516,101,140,0.721,18,120,138,118,60,13,66,124,487,
217,Boris Diaw,33,SAS,PF,76,4,1386,202,383,0.527,25,69,0.362,177,314,0.564,0.56,56,76,0.737,58,175,233,176,26,21,97,102,485,6MOY-12
218,Dante Cunningham,28,NOP,SF,80,46,1971,186,412,0.451,55,174,0.316,131,238,0.55,0.518,57,82,0.695,57,179,236,77,42,33,41,173,484,
219,Lance Thomas,27,NYK,PF,59,5,1313,169,382,0.442,44,109,0.404,125,273,0.458,0.5,102,119,0.857,34,97,131,53,22,7,57,109,484,
220,Roy Hibbert,29,LAL,C,81,81,1878,182,411,0.443,0,2,0,182,409,0.445,0.443,117,145,0.807,132,266,398,95,32,110,76,252,481,
221,Thabo Sefolosha,31,ATL,SF,75,11,1758,188,372,0.505,42,124,0.339,146,248,0.589,0.562,62,99,0.626,52,282,334,107,85,37,68,109,480,
222,Mario Hezonja,20,ORL,SF,79,9,1413,181,418,0.433,67,192,0.349,114,226,0.504,0.513,49,54,0.907,28,148,176,109,39,17,97,124,478,
223,Norris Cole,27,NOP,PG,45,23,1198,196,484,0.405,33,102,0.324,163,382,0.427,0.439,52,65,0.8,10,141,151,167,37,5,75,102,477,
224,Raul Neto,23,UTA,PG,81,53,1499,180,418,0.431,64,162,0.395,116,256,0.453,0.507,52,70,0.743,17,103,120,174,62,2,109,122,476,
225,Timofey Mozgov,29,CLE,C,76,48,1326,203,359,0.565,1,7,0.143,202,352,0.574,0.567,68,95,0.716,110,227,337,33,22,57,71,159,475,
226,Randy Foye,32,2TM,SG,81,8,1642,169,482,0.351,75,250,0.3,94,232,0.405,0.428,61,74,0.824,24,132,156,161,39,29,86,131,474,
226,Randy Foye,32,DEN,SG,54,7,1070,117,333,0.351,50,169,0.296,67,164,0.409,0.426,39,47,0.83,16,89,105,112,26,16,58,83,323,
226,Randy Foye,32,OKC,SG,27,1,572,52,149,0.349,25,81,0.309,27,68,0.397,0.433,22,27,0.815,8,43,51,49,13,13,28,48,151,
Rk,Player,Age,Team,Pos,G,GS,MP,FG,FGA,FG%,3P,3PA,3P%,2P,2PA,2P%,eFG%,FT,FTA,FT%,ORB,DRB,TRB,AST,STL,BLK,TOV,PF,PTS,Awards
227,Brandon Bass,30,LAL,PF,66,0,1342,174,317,0.549,0,2,0,174,315,0.552,0.549,125,148,0.845,104,181,285,74,33,55,42,125,473,
228,Tyson Chandler,33,PHO,C,66,60,1618,183,314,0.583,0,1,0,183,313,0.585,0.583,106,171,0.62,175,401,576,64,36,44,93,145,472,
229,D.J. Augustin,28,2TM,PG,62,0,1178,148,350,0.423,68,168,0.405,80,182,0.44,0.52,103,128,0.805,8,87,95,198,38,4,84,85,467,
229,D.J. Augustin,28,OKC,PG,34,0,519,46,121,0.38,24,61,0.393,22,60,0.367,0.479,26,34,0.765,5,38,43,66,13,2,30,41,142,
229,D.J. Augustin,28,DEN,PG,28,0,659,102,229,0.445,44,107,0.411,58,122,0.475,0.541,77,94,0.819,3,49,52,132,25,2,54,44,325,
230,Joffrey Lauvergne,24,DEN,C,59,15,1041,195,380,0.513,13,53,0.245,182,327,0.557,0.53,62,69,0.899,77,213,290,56,13,15,54,115,465,
231,Mike Scott,27,ATL,PF,75,0,1146,176,376,0.468,62,158,0.392,114,218,0.523,0.551,50,63,0.794,53,153,206,78,25,17,42,102,464,
232,Trevor Booker,28,UTA,PF,79,2,1632,190,388,0.49,12,41,0.293,178,347,0.513,0.505,71,106,0.67,166,286,452,84,59,41,81,169,463,
233,Willie Cauley-Stein,22,SAC,C,66,39,1412,191,339,0.563,0,2,0,191,337,0.567,0.563,81,125,0.648,134,218,352,37,48,66,46,146,463,
234,Andre Iguodala,32,GSW,SF,65,1,1732,176,368,0.478,54,154,0.351,122,214,0.57,0.552,51,83,0.614,52,211,263,219,73,19,79,102,457,6MOY-2
235,Bismack Biyombo,23,TOR,C,82,22,1808,156,288,0.542,0,1,0,156,287,0.544,0.542,142,226,0.628,182,473,655,29,19,133,71,225,454,
236,Shelvin Mack,25,2TM,PG,52,27,1058,182,415,0.439,39,125,0.312,143,290,0.493,0.486,45,61,0.738,13,115,128,187,34,3,95,72,448,
236,Shelvin Mack,25,ATL,PG,24,0,179,40,95,0.421,4,27,0.148,36,68,0.529,0.442,9,12,0.75,2,20,22,38,8,0,14,7,93,
236,Shelvin Mack,25,UTA,PG,28,27,879,142,320,0.444,35,98,0.357,107,222,0.482,0.498,36,49,0.735,11,95,106,149,26,3,81,65,355,
237,E'Twaun Moore,26,CHI,SG,59,22,1263,187,389,0.481,47,104,0.452,140,285,0.491,0.541,22,35,0.629,19,114,133,99,37,18,53,103,443,
238,Bobby Portis,20,CHI,PF,62,4,1102,186,436,0.427,16,52,0.308,170,384,0.443,0.445,48,66,0.727,123,214,337,52,25,22,54,100,436,
239,Terrence Jones,24,HOU,PF,50,11,1044,166,367,0.452,25,79,0.316,141,288,0.49,0.486,77,116,0.664,62,149,211,41,23,39,49,86,434,
240,Leandro Barbosa,33,GSW,SG,68,0,1079,171,370,0.462,39,110,0.355,132,260,0.508,0.515,52,62,0.839,28,89,117,82,44,10,53,107,433,
241,Lavoy Allen,26,IND,PF,79,28,1599,191,370,0.516,0,0,,191,370,0.516,0.516,46,73,0.63,162,262,424,76,26,42,69,147,428,
242,David Lee,32,2TM,PF,55,5,903,178,335,0.531,0,1,0,178,334,0.533,0.531,71,93,0.763,101,204,305,84,22,28,66,114,427,
242,David Lee,32,BOS,PF,30,4,470,87,192,0.453,0,1,0,87,191,0.455,0.453,40,51,0.784,41,89,130,54,12,13,38,51,214,
242,David Lee,32,DAL,PF,25,1,433,91,143,0.636,0,0,,91,143,0.636,0.636,31,42,0.738,60,115,175,30,10,15,28,63,213,
243,Jerian Grant,23,NYK,PG,76,6,1265,154,391,0.394,22,100,0.22,132,291,0.454,0.422,96,123,0.78,23,120,143,177,50,10,87,97,426,
244,Channing Frye,32,2TM,C,70,32,1200,152,347,0.438,91,235,0.387,61,112,0.545,0.569,30,35,0.857,35,199,234,71,29,28,43,127,425,
244,Channing Frye,32,ORL,PF,44,29,754,81,186,0.435,48,121,0.397,33,65,0.508,0.565,19,21,0.905,23,118,141,45,21,20,30,71,229,
Rk,Player,Age,Team,Pos,G,GS,MP,FG,FGA,FG%,3P,3PA,3P%,2P,2PA,2P%,eFG%,FT,FTA,FT%,ORB,DRB,TRB,AST,STL,BLK,TOV,PF,PTS,Awards
244,Channing Frye,32,CLE,C,26,3,446,71,161,0.441,43,114,0.377,28,47,0.596,0.575,11,14,0.786,12,81,93,26,8,8,13,56,196,
245,Donald Sloan,28,BRK,PG,61,33,1318,154,350,0.44,38,99,0.384,116,251,0.462,0.494,78,104,0.75,17,156,173,268,32,4,80,73,424,
246,Jason Terry,38,HOU,SG,72,7,1258,151,376,0.402,93,261,0.356,58,115,0.504,0.525,27,33,0.818,14,65,79,103,47,9,49,91,422,
247,Paul Pierce,38,LAC,SF,68,38,1231,144,397,0.363,75,242,0.31,69,155,0.445,0.457,54,66,0.818,12,174,186,71,33,17,58,129,417,
248,Alec Burks,24,UTA,SG,31,3,797,137,334,0.41,32,79,0.405,105,255,0.412,0.458,106,141,0.752,16,93,109,63,18,4,51,71,412,
249,Jarrett Jack,32,BRK,PG,32,32,1027,140,358,0.391,31,102,0.304,109,256,0.426,0.434,100,112,0.893,9,127,136,236,34,7,94,77,411,
250,Richard Jefferson,35,CLE,SF,74,5,1326,143,312,0.458,66,173,0.382,77,139,0.554,0.564,58,87,0.667,15,113,128,59,33,14,43,129,410,
251,P.J. Hairston,23,2TM,SF,66,52,1313,145,408,0.355,70,241,0.29,75,167,0.449,0.441,50,64,0.781,25,149,174,38,32,11,41,137,410,
251,P.J. Hairston,23,CHO,SF,48,43,938,99,276,0.359,54,172,0.314,45,104,0.433,0.457,34,42,0.81,18,110,128,29,24,7,24,106,286,
251,P.J. Hairston,23,MEM,SF,18,9,375,46,132,0.348,16,69,0.232,30,63,0.476,0.409,16,22,0.727,7,39,46,9,8,4,17,31,124,
252,Dwight Powell,24,DAL,PF,69,2,992,146,296,0.493,2,16,0.125,144,280,0.514,0.497,105,142,0.739,84,189,273,44,36,24,40,118,399,
253,John Henson,25,MIL,C,57,1,960,164,291,0.564,0,1,0,164,290,0.566,0.564,69,117,0.59,87,134,221,54,18,109,64,131,397,
254,Vince Carter,39,MEM,SG,60,3,1005,133,343,0.388,59,169,0.349,74,174,0.425,0.474,70,84,0.833,31,115,146,56,38,16,35,101,395,
255,Nick Young,30,LAL,SG,54,2,1033,126,372,0.339,77,237,0.325,49,135,0.363,0.442,63,76,0.829,14,83,97,34,23,7,30,50,392,
256,Gary Neal,31,WAS,SG,40,2,807,151,325,0.465,41,100,0.41,110,225,0.489,0.528,47,55,0.855,11,72,83,47,20,1,29,55,390,
257,Andrew Nicholson,26,ORL,PF,56,0,823,146,310,0.471,41,114,0.36,105,196,0.536,0.537,51,65,0.785,34,167,201,25,10,22,41,69,384,
258,Anthony Tolliver,30,DET,PF,72,5,1341,128,332,0.386,98,272,0.36,30,60,0.5,0.533,29,47,0.617,39,190,229,52,26,16,28,86,383,
259,Anthony Morrow,30,OKC,SG,68,6,926,136,333,0.408,79,204,0.387,57,129,0.442,0.527,29,39,0.744,10,52,62,24,22,5,17,64,380,
260,Tyreke Evans,26,NOP,SG,25,25,765,136,314,0.433,33,85,0.388,103,229,0.45,0.486,74,93,0.796,20,109,129,164,32,8,73,66,379,
261,Andrew Bogut,31,GSW,C,70,66,1451,175,279,0.627,1,1,1,174,278,0.626,0.629,24,50,0.48,121,371,492,162,33,114,83,221,375,
262,JaKarr Sampson,22,2TM,SF,73,40,1160,140,317,0.442,14,63,0.222,126,254,0.496,0.464,80,122,0.656,46,144,190,46,23,33,70,142,374,
262,JaKarr Sampson,22,PHI,SF,47,18,691,86,202,0.426,6,34,0.176,80,168,0.476,0.441,62,97,0.639,30,99,129,30,11,16,51,91,240,
262,JaKarr Sampson,22,DEN,SF,26,22,469,54,115,0.47,8,29,0.276,46,86,0.535,0.504,18,25,0.72,16,45,61,16,12,17,19,51,134,
263,Ty Lawson,28,2TM,PG,66,13,1411,139,354,0.393,36,108,0.333,103,246,0.419,0.444,59,86,0.686,26,94,120,237,53,7,95,87,373,
263,Ty Lawson,28,HOU,PG,53,12,1176,111,287,0.387,31,94,0.33,80,193,0.415,0.441,56,80,0.7,20,69,89,180,43,6,82,71,309,
Rk,Player,Age,Team,Pos,G,GS,MP,FG,FGA,FG%,3P,3PA,3P%,2P,2PA,2P%,eFG%,FT,FTA,FT%,ORB,DRB,TRB,AST,STL,BLK,TOV,PF,PTS,Awards
263,Ty Lawson,28,IND,PG,13,1,235,28,67,0.418,5,14,0.357,23,53,0.434,0.455,3,6,0.5,6,25,31,57,10,1,13,16,64,
264,Tyler Zeller,26,BOS,C,60,3,710,138,290,0.476,0,0,,138,290,0.476,0.476,88,108,0.815,62,116,178,29,10,22,46,97,364,
265,Markel Brown,24,BRK,SG,62,6,982,127,322,0.394,38,121,0.314,89,201,0.443,0.453,71,94,0.755,23,99,122,91,38,15,54,94,363,
266,Alexis Ajinça,27,NOP,C,59,17,861,150,315,0.476,0,1,0,150,314,0.478,0.476,52,62,0.839,75,194,269,31,19,36,54,134,352,
267,Carl Landry,32,PHI,PF,36,12,569,139,250,0.556,6,13,0.462,133,237,0.561,0.568,67,91,0.736,49,97,146,32,12,9,22,69,351,
268,Kyle Anderson,22,SAS,SF,78,11,1245,138,295,0.468,12,37,0.324,126,258,0.488,0.488,62,83,0.747,25,219,244,123,60,29,59,97,350,
269,Larry Nance Jr.,23,LAL,PF,63,22,1266,158,300,0.527,1,10,0.1,157,290,0.541,0.528,32,47,0.681,101,211,312,44,54,23,41,124,349,
270,Sean Kilpatrick,26,2TM,SG,31,0,616,123,270,0.456,39,114,0.342,84,156,0.538,0.528,60,67,0.896,12,44,56,29,12,2,31,37,345,
270,Sean Kilpatrick,26,DEN,SG,8,0,82,8,21,0.381,4,17,0.235,4,4,1,0.476,7,8,0.875,2,4,6,3,2,0,4,7,27,
270,Sean Kilpatrick,26,BRK,SG,23,0,534,115,249,0.462,35,97,0.361,80,152,0.526,0.532,53,59,0.898,10,40,50,26,10,2,27,30,318,
271,Kris Humphries,30,3TM,PF,53,17,835,121,295,0.41,34,108,0.315,87,187,0.465,0.468,67,84,0.798,57,161,218,36,16,23,38,94,343,
271,Kris Humphries,30,WAS,PF,28,14,466,64,158,0.405,23,67,0.343,41,91,0.451,0.478,29,31,0.935,26,89,115,16,3,14,20,42,180,
271,Kris Humphries,30,PHO,PF,4,3,74,10,36,0.278,3,10,0.3,7,26,0.269,0.319,6,8,0.75,11,21,32,7,3,2,4,8,29,
271,Kris Humphries,30,ATL,PF,21,0,295,47,101,0.465,8,31,0.258,39,70,0.557,0.505,32,45,0.711,20,51,71,13,10,7,14,44,134,
272,Joe Ingles,28,UTA,SF,81,2,1241,124,291,0.426,81,210,0.386,43,81,0.531,0.565,13,18,0.722,19,132,151,96,55,4,65,98,342,
273,Josh Richardson,22,MIA,SG,52,2,1107,123,272,0.452,53,115,0.461,70,157,0.446,0.55,42,63,0.667,21,86,107,73,36,25,35,107,341,
274,Spencer Hawes,27,CHO,PF,57,6,1035,124,306,0.405,38,102,0.373,86,204,0.422,0.467,54,65,0.831,51,193,244,109,22,27,58,111,340,
275,Jonas Jerebko,28,BOS,PF,78,0,1176,118,286,0.413,43,108,0.398,75,178,0.421,0.488,61,78,0.782,77,211,288,62,20,24,52,137,340,
276,Tony Snell,24,CHI,SF,64,33,1301,126,339,0.372,56,155,0.361,70,184,0.38,0.454,30,33,0.909,19,180,199,63,16,17,52,100,338,
277,Mo Williams,33,CLE,PG,41,14,748,132,302,0.437,36,102,0.353,96,200,0.48,0.497,38,42,0.905,6,66,72,98,14,5,57,60,338,
278,Andre Roberson,24,OKC,SG,70,70,1553,136,274,0.496,32,103,0.311,104,171,0.608,0.555,33,54,0.611,79,172,251,47,53,42,35,133,337,
279,Josh Smith,30,2TM,PF,55,7,880,127,349,0.364,41,143,0.287,86,206,0.417,0.423,37,67,0.552,51,141,192,90,34,47,77,118,332,
279,Josh Smith,30,LAC,PF,32,1,459,69,180,0.383,18,58,0.31,51,122,0.418,0.433,25,42,0.595,33,92,125,42,18,34,41,62,181,
279,Josh Smith,30,HOU,PF,23,6,421,58,169,0.343,23,85,0.271,35,84,0.417,0.411,12,25,0.48,18,49,67,48,16,13,36,56,151,
280,Brandon Jennings,26,2TM,PG,48,7,868,112,304,0.368,51,155,0.329,61,149,0.409,0.452,57,78,0.731,16,80,96,170,29,7,57,57,332,
Rk,Player,Age,Team,Pos,G,GS,MP,FG,FGA,FG%,3P,3PA,3P%,2P,2PA,2P%,eFG%,FT,FTA,FT%,ORB,DRB,TRB,AST,STL,BLK,TOV,PF,PTS,Awards
280,Brandon Jennings,26,DET,PG,23,1,416,53,143,0.371,24,77,0.312,29,66,0.439,0.455,27,38,0.711,5,41,46,70,11,2,22,24,157,
280,Brandon Jennings,26,ORL,PG,25,6,452,59,161,0.366,27,78,0.346,32,83,0.386,0.45,30,40,0.75,11,39,50,100,18,5,35,33,175,
281,Ronnie Price,32,PHO,PG,62,18,1211,116,302,0.384,68,196,0.347,48,106,0.453,0.497,31,41,0.756,25,74,99,147,74,13,70,161,331,
282,Jonathon Simmons,26,SAS,SG,55,2,813,122,242,0.504,18,47,0.383,104,195,0.533,0.541,69,92,0.75,16,80,96,58,24,5,53,103,331,
283,Cole Aldrich,27,LAC,C,60,5,800,134,225,0.596,0,0,,134,225,0.596,0.596,60,84,0.714,86,202,288,50,47,68,64,139,328,
284,Luke Babbitt,26,NOP,SF,47,13,845,122,289,0.422,44,109,0.404,78,180,0.433,0.498,39,50,0.78,25,123,148,53,11,7,23,90,327,
285,Tim Hardaway Jr.,23,ATL,SG,51,1,864,114,265,0.43,48,142,0.338,66,123,0.537,0.521,50,56,0.893,7,79,86,51,21,7,23,48,326,
286,Alonzo Gee,28,NOP,SF,73,38,1632,132,255,0.518,17,60,0.283,115,195,0.59,0.551,44,66,0.667,60,185,245,72,63,13,55,169,325,
287,O.J. Mayo,28,MIL,SG,41,24,1090,119,321,0.371,52,162,0.321,67,159,0.421,0.452,31,40,0.775,13,92,105,118,48,8,72,126,321,
288,Festus Ezeli,26,GSW,C,46,13,770,125,228,0.548,0,0,,125,228,0.548,0.548,70,132,0.53,91,166,257,32,18,50,38,94,320,
289,Charlie Villanueva,31,DAL,PF,62,4,665,125,327,0.382,47,172,0.273,78,155,0.503,0.454,22,24,0.917,24,128,152,24,18,15,31,71,319,
290,Tyler Johnson,23,MIA,SG,36,5,863,118,243,0.486,27,71,0.38,91,172,0.529,0.541,51,64,0.797,28,81,109,79,24,14,47,66,314,
291,Miles Plumlee,27,MIL,C,61,14,870,140,233,0.601,0,0,,140,233,0.601,0.601,34,59,0.576,94,138,232,16,21,50,40,73,314,
292,Iman Shumpert,25,CLE,SG,54,5,1316,114,305,0.374,43,146,0.295,71,159,0.447,0.444,40,51,0.784,32,171,203,92,54,19,57,119,311,
293,Kyle O'Quinn,25,NYK,PF,65,1,764,129,271,0.476,5,22,0.227,124,249,0.498,0.485,46,60,0.767,76,174,250,72,20,49,61,107,309,
294,Nemanja Bjelica,27,MIN,PF,60,0,1075,110,235,0.468,48,125,0.384,62,110,0.564,0.57,40,55,0.727,49,161,210,83,26,21,47,154,308,
295,Quincy Acy,25,SAC,PF,59,29,876,119,214,0.556,19,49,0.388,100,165,0.606,0.6,50,68,0.735,65,123,188,27,29,24,27,103,307,
296,Thomas Robinson,24,BRK,PF,71,7,917,130,291,0.447,0,1,0,130,290,0.448,0.447,47,109,0.431,136,223,359,46,39,36,69,111,307,
297,Brandon Rush,30,GSW,SG,72,25,1055,111,260,0.427,65,157,0.414,46,103,0.447,0.552,18,28,0.643,21,160,181,57,20,23,33,57,305,
298,Andrea Bargnani,30,BRK,C,46,0,634,127,279,0.455,3,16,0.188,124,263,0.471,0.461,47,57,0.825,28,69,97,18,4,9,26,61,304,
299,Amar'e Stoudemire,33,MIA,C,52,36,762,125,221,0.566,0,0,,125,221,0.566,0.566,50,67,0.746,65,157,222,27,18,41,47,92,300,
300,Seth Curry,25,SAC,PG,44,9,692,102,224,0.455,50,111,0.45,52,113,0.46,0.567,45,54,0.833,9,51,60,67,22,3,36,41,299,
301,Jameer Nelson,33,DEN,PG,39,15,1036,113,307,0.368,43,144,0.299,70,163,0.429,0.438,30,35,0.857,19,96,115,190,25,5,66,100,299,
302,Boban Marjanović,27,SAS,C,54,4,508,105,174,0.603,0,0,,105,174,0.603,0.603,87,114,0.763,73,121,194,21,12,23,29,54,297,
303,Sasha Vujačić,31,NYK,SG,61,25,908,106,277,0.383,52,143,0.364,54,134,0.403,0.477,32,39,0.821,26,123,149,84,34,5,44,83,296,
Rk,Player,Age,Team,Pos,G,GS,MP,FG,FGA,FG%,3P,3PA,3P%,2P,2PA,2P%,eFG%,FT,FTA,FT%,ORB,DRB,TRB,AST,STL,BLK,TOV,PF,PTS,Awards
304,Richaun Holmes,22,PHI,PF,51,1,702,114,222,0.514,8,44,0.182,106,178,0.596,0.532,51,74,0.689,62,73,135,33,19,40,32,92,287,
305,James Johnson,28,TOR,PF,57,32,926,114,240,0.475,20,66,0.303,94,174,0.54,0.517,39,68,0.574,28,98,126,67,29,33,54,84,287,
306,DeMarre Carroll,29,TOR,SF,26,22,786,105,270,0.389,46,118,0.39,59,152,0.388,0.474,30,50,0.6,31,91,122,27,44,6,28,63,286,
307,Cameron Payne,21,OKC,PG,57,1,698,114,278,0.41,36,111,0.324,78,167,0.467,0.475,19,24,0.792,9,76,85,108,36,6,44,80,283,
308,Noah Vonleh,20,POR,PF,78,56,1174,117,278,0.421,11,46,0.239,106,232,0.457,0.441,38,51,0.745,91,214,305,30,27,26,50,152,283,
309,Norman Powell,22,TOR,SG,49,24,725,97,229,0.424,36,89,0.404,61,140,0.436,0.502,43,53,0.811,16,95,111,47,29,10,32,59,273,
310,Chase Budinger,27,2TM,SF,66,2,929,104,239,0.435,24,86,0.279,80,153,0.523,0.485,39,56,0.696,43,107,150,64,32,10,44,62,271,
310,Chase Budinger,27,IND,SF,49,2,729,81,194,0.418,20,69,0.29,61,125,0.488,0.469,34,48,0.708,31,90,121,49,29,9,31,46,216,
310,Chase Budinger,27,PHO,SF,17,0,200,23,45,0.511,4,17,0.235,19,28,0.679,0.556,5,8,0.625,12,17,29,15,3,1,13,16,55,
311,Ömer Aşık,29,NOP,C,68,64,1178,104,195,0.533,0,0,,104,195,0.533,0.533,61,112,0.545,120,294,414,26,21,23,60,124,269,
312,Jusuf Nurkić,21,DEN,C,32,3,547,101,242,0.417,0,3,0,101,239,0.423,0.417,61,99,0.616,65,110,175,40,24,44,55,91,263,
313,Tim Frazier,25,2TM,PG,51,2,741,96,229,0.419,16,48,0.333,80,181,0.442,0.454,53,74,0.716,26,84,110,162,33,2,65,73,261,
313,Tim Frazier,25,POR,PG,35,1,272,20,60,0.333,3,17,0.176,17,43,0.395,0.358,8,15,0.533,11,28,39,42,10,1,27,31,51,
313,Tim Frazier,25,NOP,PG,16,1,469,76,169,0.45,13,31,0.419,63,138,0.457,0.488,45,59,0.763,15,56,71,120,23,1,38,42,210,
314,Michael Beasley,27,HOU,PF,20,0,363,107,205,0.522,3,9,0.333,104,196,0.531,0.529,38,49,0.776,29,69,98,16,11,9,24,39,255,
315,Dewayne Dedmon,26,ORL,C,58,20,705,99,177,0.559,0,0,,99,177,0.559,0.559,57,76,0.75,67,161,228,13,22,46,32,109,255,
316,Steve Blake,35,DET,PG,58,2,986,93,240,0.388,52,151,0.344,41,89,0.461,0.496,16,20,0.8,9,80,89,200,24,5,81,70,254,
317,Solomon Hill,24,IND,SF,59,3,866,93,208,0.447,24,74,0.324,69,134,0.515,0.505,36,42,0.857,39,127,166,57,37,11,33,68,246,
318,Troy Daniels,24,CHO,SG,43,0,476,89,187,0.476,59,122,0.484,30,65,0.462,0.634,5,9,0.556,7,50,57,21,11,3,24,40,242,
319,Justin Holiday,26,2TM,SG,53,5,773,88,228,0.386,36,105,0.343,52,123,0.423,0.465,27,37,0.73,12,78,90,56,32,19,39,61,239,
319,Justin Holiday,26,ATL,SG,26,1,263,24,73,0.329,10,45,0.222,14,28,0.5,0.397,5,10,0.5,4,23,27,11,13,4,13,21,63,
319,Justin Holiday,26,CHI,SG,27,4,510,64,155,0.413,26,60,0.433,38,95,0.4,0.497,22,27,0.815,8,55,63,45,19,15,26,40,176,
320,Marcelo Huertas,32,LAL,PG,53,0,869,97,230,0.422,16,61,0.262,81,169,0.479,0.457,27,29,0.931,18,72,90,182,26,7,80,76,237,
321,Ian Clark,24,GSW,SG,66,1,578,89,202,0.441,30,84,0.357,59,118,0.5,0.515,28,34,0.824,13,55,68,64,17,13,43,58,236,
322,Kelly Oubre Jr.,20,WAS,SF,63,9,671,90,211,0.427,25,79,0.316,65,132,0.492,0.486,31,49,0.633,25,108,133,13,22,7,34,100,236,
Rk,Player,Age,Team,Pos,G,GS,MP,FG,FGA,FG%,3P,3PA,3P%,2P,2PA,2P%,eFG%,FT,FTA,FT%,ORB,DRB,TRB,AST,STL,BLK,TOV,PF,PTS,Awards
323,Luc Mbah a Moute,29,LAC,PF,75,61,1274,94,207,0.454,13,40,0.325,81,167,0.485,0.486,30,57,0.526,60,111,171,30,44,19,34,100,231,
324,Kyle Singler,27,OKC,SF,68,2,977,86,221,0.389,30,97,0.309,56,124,0.452,0.457,29,44,0.659,50,91,141,24,30,9,32,120,231,
325,Donatas Motiejūnas,25,HOU,PF,37,22,547,90,205,0.439,16,57,0.281,74,148,0.5,0.478,34,53,0.642,37,72,109,41,17,5,44,69,230,
326,Mike Dunleavy,35,CHI,SF,31,30,703,77,188,0.41,39,99,0.394,38,89,0.427,0.513,29,37,0.784,8,75,83,39,14,10,26,66,222,
327,Tayshaun Prince,35,MIN,SF,77,44,1462,102,229,0.445,4,23,0.174,98,206,0.476,0.454,13,19,0.684,32,115,147,73,36,13,27,62,221,
328,Rashad Vaughn,19,MIL,SG,70,6,1001,81,266,0.305,43,147,0.293,38,119,0.319,0.385,12,15,0.8,11,77,88,39,29,16,28,73,217,
329,Jeff Withey,25,UTA,C,51,10,658,87,162,0.537,0,2,0,87,160,0.544,0.537,43,59,0.729,56,117,173,20,21,53,28,75,217,
330,Justin Anderson,22,DAL,SF,55,9,647,71,175,0.406,22,83,0.265,49,92,0.533,0.469,44,55,0.8,18,114,132,29,19,25,24,45,208,
331,Tyler Ennis,21,MIL,PG,46,7,654,84,187,0.449,13,39,0.333,71,148,0.48,0.484,25,34,0.735,13,62,75,95,25,1,46,64,206,
332,J.J. Hickson,27,2TM,C,35,9,436,80,155,0.516,0,1,0,80,154,0.519,0.516,46,103,0.447,39,93,132,23,15,14,25,47,206,
332,J.J. Hickson,27,DEN,C,20,9,305,55,109,0.505,0,0,,55,109,0.505,0.505,27,59,0.458,22,65,87,16,10,12,16,35,137,
332,J.J. Hickson,27,WAS,C,15,0,131,25,46,0.543,0,1,0,25,45,0.556,0.543,19,44,0.432,17,28,45,7,5,2,9,12,69,
333,Chris Johnson,25,UTA,SF,70,2,857,72,194,0.371,27,99,0.273,45,95,0.474,0.441,34,42,0.81,27,105,132,45,32,20,40,100,205,
334,Beno Udrih,33,2TM,PG,44,5,707,86,198,0.434,15,44,0.341,71,154,0.461,0.472,18,20,0.9,8,64,72,116,14,1,53,51,205,
334,Beno Udrih,33,MEM,PG,8,0,120,20,46,0.435,4,11,0.364,16,35,0.457,0.478,3,3,1,2,7,9,26,3,1,11,11,47,
334,Beno Udrih,33,MIA,PG,36,5,587,66,152,0.434,11,33,0.333,55,119,0.462,0.47,15,17,0.882,6,57,63,90,11,0,42,40,158,
335,Brian Roberts,30,2TM,PG,51,0,470,74,165,0.448,15,42,0.357,59,123,0.48,0.494,42,47,0.894,6,35,41,54,10,2,23,35,205,
335,Brian Roberts,30,CHO,PG,30,0,333,51,115,0.443,9,27,0.333,42,88,0.477,0.483,34,37,0.919,4,25,29,38,7,1,16,23,145,
335,Brian Roberts,30,POR,PG,21,0,137,23,50,0.46,6,15,0.4,17,35,0.486,0.52,8,10,0.8,2,10,12,16,3,1,7,12,60,
336,Shabazz Napier,24,ORL,PG,55,0,600,68,201,0.338,34,104,0.327,34,97,0.351,0.423,33,45,0.733,9,46,55,97,23,1,46,38,203,
337,Tiago Splitter,31,ATL,C,36,2,579,81,155,0.523,0,2,0,81,153,0.529,0.523,39,48,0.813,45,75,120,30,20,12,24,71,201,
338,Johnny O'Bryant,22,MIL,PF,66,4,857,86,209,0.411,1,1,1,85,208,0.409,0.414,27,40,0.675,65,111,176,32,18,8,31,100,200,
339,Mike Muscala,24,ATL,C,60,0,565,76,152,0.5,12,39,0.308,64,113,0.566,0.539,31,39,0.795,38,79,117,34,13,27,27,72,195,
340,Kevin Séraphin,26,NYK,C,48,0,526,84,205,0.41,0,2,0,84,203,0.414,0.41,19,23,0.826,31,95,126,47,8,36,43,67,187,
341,Willie Reed,25,BRK,C,39,2,426,76,133,0.571,0,0,,76,133,0.571,0.571,30,55,0.545,49,73,122,10,6,30,16,47,182,
Rk,Player,Age,Team,Pos,G,GS,MP,FG,FGA,FG%,3P,3PA,3P%,2P,2PA,2P%,eFG%,FT,FTA,FT%,ORB,DRB,TRB,AST,STL,BLK,TOV,PF,PTS,Awards
342,James Anderson,26,SAC,SG,51,15,721,67,178,0.376,23,86,0.267,44,92,0.478,0.441,22,29,0.759,13,73,86,41,21,14,42,54,179,
343,James Jones,35,CLE,SF,48,0,463,58,142,0.408,41,104,0.394,17,38,0.447,0.553,21,26,0.808,8,42,50,14,11,10,13,50,178,
344,John Jenkins,24,2TM,SG,43,3,480,71,160,0.444,16,51,0.314,55,109,0.505,0.494,20,24,0.833,8,49,57,35,8,1,27,22,178,
344,John Jenkins,24,DAL,SG,21,1,193,29,70,0.414,3,19,0.158,26,51,0.51,0.436,8,9,0.889,4,18,22,9,3,0,11,11,69,
344,John Jenkins,24,PHO,SG,22,2,287,42,90,0.467,13,32,0.406,29,58,0.5,0.539,12,15,0.8,4,31,35,26,5,1,16,11,109,
345,Metta World Peace,36,LAL,SF,35,5,590,55,177,0.311,26,84,0.31,29,93,0.312,0.384,40,57,0.702,19,70,89,27,22,11,15,67,176,
346,JaVale McGee,28,DAL,C,34,2,370,77,134,0.575,0,1,0,77,133,0.579,0.575,18,36,0.5,53,80,133,3,5,26,21,49,172,
347,Glenn Robinson III,22,IND,SF,45,4,508,65,151,0.43,14,37,0.378,51,114,0.447,0.477,27,39,0.692,12,56,68,26,17,9,18,21,171,
348,Rondae Hollis-Jefferson,21,BRK,SF,29,17,615,63,138,0.457,4,14,0.286,59,124,0.476,0.471,37,52,0.712,39,115,154,43,39,16,26,61,167,
349,James Ennis III,25,3TM,SF,22,5,329,54,113,0.478,26,58,0.448,28,55,0.509,0.593,25,34,0.735,21,21,42,21,16,5,19,28,159,
349,James Ennis III,25,MIA,SF,3,0,7,0,0,,0,0,,0,0,,,0,0,,0,0,0,1,0,0,0,1,0,
349,James Ennis III,25,MEM,SF,10,0,40,4,13,0.308,2,8,0.25,2,5,0.4,0.385,6,10,0.6,4,3,7,2,4,2,2,1,16,
349,James Ennis III,25,NOP,SF,9,5,282,50,100,0.5,24,50,0.48,26,50,0.52,0.62,19,24,0.792,17,18,35,18,12,3,17,26,143,
350,Tyus Jones,19,MIN,PG,37,0,573,56,156,0.359,16,53,0.302,40,103,0.388,0.41,28,39,0.718,7,40,47,108,31,3,33,33,156,
351,Joe Young,23,IND,PG,41,0,384,62,169,0.367,10,46,0.217,52,123,0.423,0.396,20,25,0.8,6,44,50,65,15,0,33,30,154,
352,Jarell Martin,21,MEM,PF,27,0,380,54,116,0.466,0,2,0,54,114,0.474,0.466,45,62,0.726,39,47,86,15,8,7,19,58,153,
353,Darrun Hilliard,22,DET,SG,38,2,383,52,131,0.397,19,50,0.38,33,81,0.407,0.469,29,40,0.725,5,40,45,27,9,1,19,28,152,
354,Ryan Kelly,24,LAL,PF,36,0,470,55,149,0.369,5,37,0.135,50,112,0.446,0.386,37,54,0.685,21,100,121,20,13,10,18,39,152,
355,Josh McRoberts,28,MIA,PF,42,1,595,55,148,0.372,12,49,0.245,43,99,0.434,0.412,28,40,0.7,22,83,105,81,18,7,30,68,150,
356,Jason Thompson,29,2TM,C,47,7,471,52,108,0.481,5,15,0.333,47,93,0.505,0.505,38,54,0.704,32,102,134,29,12,20,15,80,147,
356,Jason Thompson,29,GSW,C,28,1,179,20,42,0.476,0,0,,20,42,0.476,0.476,20,32,0.625,10,44,54,19,4,8,7,40,60,
356,Jason Thompson,29,TOR,C,19,6,292,32,66,0.485,5,15,0.333,27,51,0.529,0.523,18,22,0.818,22,58,80,10,8,12,8,40,87,
357,Pablo Prigioni,38,LAC,PG,59,3,823,55,147,0.374,28,95,0.295,27,52,0.519,0.469,7,8,0.875,38,76,114,130,53,1,49,82,145,
358,Andre Miller,39,2TM,PG,39,4,461,59,106,0.557,2,8,0.25,57,98,0.582,0.566,24,32,0.75,12,39,51,87,16,0,37,46,144,
358,Andre Miller,39,MIN,PG,26,0,280,36,58,0.621,1,4,0.25,35,54,0.648,0.629,15,19,0.789,6,18,24,58,9,0,25,32,88,
Rk,Player,Age,Team,Pos,G,GS,MP,FG,FGA,FG%,3P,3PA,3P%,2P,2PA,2P%,eFG%,FT,FTA,FT%,ORB,DRB,TRB,AST,STL,BLK,TOV,PF,PTS,Awards
358,Andre Miller,39,SAS,PG,13,4,181,23,48,0.479,1,4,0.25,22,44,0.5,0.49,9,13,0.692,6,21,27,29,7,0,12,14,56,
359,C.J. Watson,31,ORL,PG,33,2,656,47,137,0.343,14,48,0.292,33,89,0.371,0.394,34,39,0.872,10,56,66,88,19,5,25,49,142,
360,Montrezl Harrell,22,HOU,PF,39,1,379,58,90,0.644,0,1,0,58,89,0.652,0.644,24,46,0.522,25,40,65,17,11,11,17,48,140,
361,Anderson Varejão,33,2TM,C,53,0,496,53,124,0.427,0,1,0,53,123,0.431,0.427,32,50,0.64,37,104,141,35,16,10,22,70,138,
361,Anderson Varejão,33,CLE,C,31,0,310,32,76,0.421,0,1,0,32,75,0.427,0.421,16,21,0.762,24,67,91,20,11,5,16,35,80,
361,Anderson Varejão,33,GSW,C,22,0,186,21,48,0.438,0,0,,21,48,0.438,0.438,16,29,0.552,13,37,50,15,5,5,6,35,58,
362,Kirk Hinrich,35,2TM,PG,46,7,631,49,129,0.38,24,62,0.387,25,67,0.373,0.473,15,16,0.938,8,62,70,73,15,2,30,64,137,
362,Kirk Hinrich,35,CHI,PG,35,7,555,47,118,0.398,23,56,0.411,24,62,0.387,0.496,15,16,0.938,7,51,58,59,13,1,27,63,132,
362,Kirk Hinrich,35,ATL,PG,11,0,76,2,11,0.182,1,6,0.167,1,5,0.2,0.227,0,0,,1,11,12,14,2,1,3,1,5,
363,Ray McCallum,24,2TM,PG,41,6,475,55,146,0.377,15,42,0.357,40,104,0.385,0.428,12,15,0.8,8,39,47,60,12,7,24,29,137,
363,Ray McCallum,24,SAS,PG,31,3,256,27,67,0.403,5,16,0.313,22,51,0.431,0.44,9,10,0.9,6,25,31,33,5,4,11,14,68,
363,Ray McCallum,24,MEM,PG,10,3,219,28,79,0.354,10,26,0.385,18,53,0.34,0.418,3,5,0.6,2,14,16,27,7,3,13,15,69,
364,Tarik Black,24,LAL,C,39,0,496,57,104,0.548,0,0,,57,104,0.548,0.548,19,45,0.422,44,113,157,16,14,18,22,78,133,
365,Adreian Payne,24,MIN,PF,52,2,486,53,145,0.366,9,32,0.281,44,113,0.389,0.397,17,26,0.654,20,91,111,29,16,11,36,77,132,
366,Greivis Vásquez,29,MIL,PG,23,0,460,45,138,0.326,18,73,0.247,27,65,0.415,0.391,22,26,0.846,5,42,47,91,10,0,40,42,130,
367,Jordan Hamilton,25,NOP,SF,11,4,304,49,116,0.422,13,45,0.289,36,71,0.507,0.478,14,21,0.667,12,50,62,25,8,3,17,24,125,
368,Salah Mejri,29,DAL,C,34,6,397,49,78,0.628,0,1,0,49,77,0.636,0.628,27,46,0.587,41,82,123,10,8,36,23,54,125,
369,Rasual Butler,36,SAS,SF,46,0,432,49,104,0.471,15,49,0.306,34,55,0.618,0.543,11,16,0.688,3,53,56,24,13,23,8,11,124,
370,Joakim Noah,30,CHI,C,29,2,635,51,133,0.383,0,1,0,51,132,0.386,0.383,22,45,0.489,87,168,255,110,18,29,52,77,124,
371,Ryan Hollins,31,2TM,C,37,12,460,49,79,0.62,0,0,,49,79,0.62,0.62,26,42,0.619,47,51,98,10,6,21,24,62,124,
371,Ryan Hollins,31,WAS,C,5,3,48,4,7,0.571,0,0,,4,7,0.571,0.571,0,0,,7,4,11,0,0,1,3,4,8,
371,Ryan Hollins,31,MEM,C,32,9,412,45,72,0.625,0,0,,45,72,0.625,0.625,26,42,0.619,40,47,87,10,6,20,21,58,116,
372,Nick Collison,35,OKC,PF,59,4,699,50,109,0.459,0,2,0,50,107,0.467,0.459,23,33,0.697,68,103,171,52,15,16,50,107,123,
373,Reggie Bullock,24,DET,SF,37,0,429,43,98,0.439,22,53,0.415,21,45,0.467,0.551,14,15,0.933,14,54,68,27,10,2,8,29,122,
374,Kevin Garnett,39,MIN,PF,38,38,556,54,115,0.47,0,1,0,54,114,0.474,0.47,14,21,0.667,15,135,150,62,28,10,16,70,122,
Rk,Player,Age,Team,Pos,G,GS,MP,FG,FGA,FG%,3P,3PA,3P%,2P,2PA,2P%,eFG%,FT,FTA,FT%,ORB,DRB,TRB,AST,STL,BLK,TOV,PF,PTS,Awards
375,Jared Cunningham,24,2TM,SG,44,3,410,36,105,0.343,12,39,0.308,24,66,0.364,0.4,36,55,0.655,3,35,38,20,14,2,21,41,120,
375,Jared Cunningham,24,CLE,SG,40,3,355,32,91,0.352,10,32,0.313,22,59,0.373,0.407,30,48,0.625,3,26,29,19,12,2,18,37,104,
375,Jared Cunningham,24,MIL,SG,4,0,55,4,14,0.286,2,7,0.286,2,7,0.286,0.357,6,7,0.857,0,9,9,1,2,0,3,4,16,
376,James Michael McAdoo,23,GSW,PF,41,1,262,45,84,0.536,1,2,0.5,44,82,0.537,0.542,26,49,0.531,30,28,58,17,10,8,16,39,117,
377,Anthony Brown,23,LAL,SF,29,11,599,39,126,0.31,20,70,0.286,19,56,0.339,0.389,17,20,0.85,9,61,70,19,14,5,15,34,115,
378,Chris McCullough,20,BRK,PF,24,4,362,44,109,0.404,13,34,0.382,31,75,0.413,0.463,11,23,0.478,25,43,68,9,28,12,15,39,112,
379,Kendall Marshall,24,PHI,PG,30,6,400,43,118,0.364,16,49,0.327,27,69,0.391,0.432,9,13,0.692,2,26,28,73,16,2,43,30,111,
380,Jordan Farmar,29,MEM,PG,12,10,291,42,100,0.42,16,45,0.356,26,55,0.473,0.5,10,10,1,4,21,25,37,15,2,18,22,110,
381,Sonny Weems,29,2TM,SF,43,0,499,42,110,0.382,15,41,0.366,27,69,0.391,0.45,8,15,0.533,7,46,53,49,10,1,41,47,107,
381,Sonny Weems,29,PHO,SG,36,0,421,35,89,0.393,13,32,0.406,22,57,0.386,0.466,7,13,0.538,6,35,41,47,10,1,37,40,90,
381,Sonny Weems,29,PHI,SF,7,0,78,7,21,0.333,2,9,0.222,5,12,0.417,0.381,1,2,0.5,1,11,12,2,0,0,4,7,17,
382,Cristiano Felício,23,CHI,C,31,4,321,40,72,0.556,0,4,0,40,68,0.588,0.556,25,35,0.714,30,72,102,26,6,13,13,31,105,
383,Chris Andersen,37,2TM,C,27,15,402,38,72,0.528,4,14,0.286,34,58,0.586,0.556,25,36,0.694,36,62,98,12,15,13,9,29,105,
383,Chris Andersen,37,MIA,C,7,1,36,4,10,0.4,2,5,0.4,2,5,0.4,0.5,3,4,0.75,3,6,9,3,1,3,2,4,13,
383,Chris Andersen,37,MEM,C,20,14,366,34,62,0.548,2,9,0.222,32,53,0.604,0.565,22,32,0.688,33,56,89,9,14,10,7,25,92,
384,Tyler Hansbrough,30,CHO,PF,44,0,343,32,71,0.451,2,3,0.667,30,68,0.441,0.465,38,65,0.585,40,49,89,8,12,7,12,55,104,
385,Delon Wright,23,TOR,PG,27,1,229,36,80,0.45,5,13,0.385,31,67,0.463,0.481,26,35,0.743,8,29,37,31,8,3,16,7,103,
386,Jordan McRae,24,2TM,PG,22,1,195,34,78,0.436,10,22,0.455,24,56,0.429,0.5,21,28,0.75,4,16,20,25,3,1,15,17,99,
386,Jordan McRae,24,PHO,PG,7,0,82,11,26,0.423,3,11,0.273,8,15,0.533,0.481,12,15,0.8,2,6,8,10,3,0,6,7,37,
386,Jordan McRae,24,CLE,PG,15,1,113,23,52,0.442,7,11,0.636,16,41,0.39,0.51,9,13,0.692,2,10,12,15,0,1,9,10,62,
387,R.J. Hunter,22,BOS,SG,36,0,315,36,98,0.367,19,63,0.302,17,35,0.486,0.464,6,7,0.857,2,35,37,13,14,4,11,29,97,
388,Sergey Karasev,22,BRK,SF,40,5,399,30,74,0.405,11,37,0.297,19,37,0.514,0.48,26,28,0.929,8,50,58,35,6,2,22,27,97,
389,Kendrick Perkins,31,NOP,C,37,5,542,40,75,0.533,0,0,,40,75,0.533,0.533,11,25,0.44,25,103,128,31,11,11,41,64,91,
390,Henry Sims,25,BRK,C,14,4,263,33,77,0.429,0,0,,33,77,0.429,0.429,25,30,0.833,21,51,72,9,9,14,12,37,91,
391,Michael Kidd-Gilchrist,22,CHO,SF,7,7,205,33,61,0.541,3,7,0.429,30,54,0.556,0.566,20,29,0.69,12,33,45,9,3,3,8,9,89,
392,K.J. McDaniels,22,HOU,SF,37,1,235,29,72,0.403,7,25,0.28,22,47,0.468,0.451,24,30,0.8,16,26,42,10,7,6,17,30,89,
393,Robert Sacre,26,LAL,C,25,1,320,31,75,0.413,0,0,,31,75,0.413,0.413,25,38,0.658,32,40,72,14,4,10,12,43,87,
394,Lamar Patterson,24,ATL,SG,35,0,395,28,80,0.35,12,49,0.245,16,31,0.516,0.425,16,22,0.727,4,46,50,39,9,2,23,45,84,
395,Brandan Wright,28,MEM,PF,12,2,212,35,52,0.673,0,0,,35,52,0.673,0.673,13,24,0.542,14,29,43,6,5,15,10,21,83,
396,Drew Gooden,34,WAS,PF,30,0,305,33,103,0.32,7,41,0.171,26,62,0.419,0.354,9,14,0.643,28,57,85,13,8,11,13,40,82,
397,Xavier Munford,23,MEM,SG,14,0,244,32,77,0.416,9,23,0.391,23,54,0.426,0.474,7,14,0.5,3,28,31,22,13,3,15,25,80,
398,Bryce Dejean-Jones,23,NOP,SG,14,11,279,28,69,0.406,12,32,0.375,16,37,0.432,0.493,11,21,0.524,8,40,48,15,10,2,11,17,79,
399,Phil Pressey,24,2TM,PG,23,0,283,30,78,0.385,4,18,0.222,26,60,0.433,0.41,13,25,0.52,3,28,31,75,18,4,33,28,77,
399,Phil Pressey,24,PHI,PG,14,0,170,21,55,0.382,4,13,0.308,17,42,0.405,0.418,9,18,0.5,0,23,23,46,11,1,19,14,55,
399,Phil Pressey,24,PHO,PG,9,0,113,9,23,0.391,0,5,0,9,18,0.5,0.391,4,7,0.571,3,5,8,29,7,3,14,14,22,
400,Matt Bonner,35,SAS,C,30,2,206,29,57,0.509,15,34,0.441,14,23,0.609,0.64,3,4,0.75,3,24,27,9,6,1,3,16,76,
401,Axel Toupane,23,DEN,SF,21,0,305,25,70,0.357,13,40,0.325,12,30,0.4,0.45,13,17,0.765,8,23,31,15,7,6,6,40,76,
402,Damjan Rudež,29,MIN,SF,33,0,277,25,62,0.403,17,50,0.34,8,12,0.667,0.54,8,8,1,5,15,20,11,3,1,13,33,75,
403,Terry Rozier,21,BOS,PG,39,0,311,29,106,0.274,6,27,0.222,23,79,0.291,0.302,8,10,0.8,24,39,63,37,6,1,19,23,72,
404,Jeremy Evans,28,DAL,SF,30,2,251,26,48,0.542,4,16,0.25,22,32,0.688,0.583,15,21,0.714,11,43,54,2,6,9,7,19,71,
405,Elton Brand,36,PHI,C,17,1,225,31,72,0.431,0,1,0,31,71,0.437,0.431,8,9,0.889,9,54,63,18,9,8,11,32,70,
406,C.J. Wilcox,25,LAC,SG,23,0,167,26,66,0.394,9,23,0.391,17,43,0.395,0.462,9,12,0.75,1,11,12,10,10,2,2,15,70,
407,Kostas Papanikolaou,25,DEN,SF,26,6,294,24,66,0.364,10,32,0.313,14,34,0.412,0.439,9,14,0.643,8,32,40,16,13,5,21,24,67,
408,Tony Wroten,22,PHI,PG,8,3,144,22,65,0.338,3,17,0.176,19,48,0.396,0.362,20,37,0.541,2,19,21,20,3,0,29,11,67,
409,Alan Anderson,33,WAS,SG,13,0,192,21,59,0.356,12,37,0.324,9,22,0.409,0.458,11,15,0.733,1,26,27,14,4,1,2,25,65,
410,Lucas Nogueira,23,TOR,C,29,1,225,28,44,0.636,1,3,0.333,27,41,0.659,0.648,8,15,0.533,18,28,46,7,12,12,11,29,65,
411,Caron Butler,35,SAC,SF,17,1,176,25,59,0.424,3,18,0.167,22,41,0.537,0.449,10,12,0.833,5,17,22,10,9,1,3,19,63,
412,Jarell Eddie,24,WAS,SF,26,0,147,20,65,0.308,15,47,0.319,5,18,0.278,0.423,8,8,1,2,21,23,5,5,1,1,5,63,
413,Mike Miller,35,DEN,SF,47,2,373,22,62,0.355,19,52,0.365,3,10,0.3,0.508,0,0,,6,47,53,40,13,4,17,53,63,
414,DeJuan Blair,26,WAS,C,29,0,218,28,68,0.412,0,1,0,28,67,0.418,0.412,5,13,0.385,20,37,57,11,8,2,15,53,61,
415,Christian Wood,20,PHI,PF,17,0,145,22,53,0.415,4,11,0.364,18,42,0.429,0.453,13,21,0.619,13,25,38,3,5,7,2,11,61,
416,Devyn Marble,23,ORL,SG,28,0,249,21,71,0.296,8,32,0.25,13,39,0.333,0.352,10,24,0.417,6,32,38,12,13,1,7,25,60,
417,Udonis Haslem,35,MIA,PF,37,0,260,23,61,0.377,1,9,0.111,22,52,0.423,0.385,12,16,0.75,10,65,75,14,5,2,5,25,59,
418,Spencer Dinwiddie,22,DET,PG,12,0,159,19,54,0.352,1,10,0.1,18,44,0.409,0.361,19,33,0.576,4,13,17,22,3,0,7,20,58,
419,Nikola Peković,30,MIN,C,12,3,156,19,50,0.38,0,0,,19,50,0.38,0.38,16,20,0.8,7,14,21,11,1,0,9,22,54,
420,Lou Amundson,33,NYK,PF,29,0,204,19,53,0.358,0,0,,19,53,0.358,0.358,14,27,0.519,23,26,49,12,6,7,15,44,52,
421,Chris Copeland,31,MIL,PF,24,1,156,17,51,0.333,10,36,0.278,7,15,0.467,0.431,6,7,0.857,1,9,10,11,2,0,6,17,50,
422,Chris Kaman,33,POR,C,16,2,112,20,43,0.465,1,4,0.25,19,39,0.487,0.477,3,3,1,7,17,24,11,1,1,8,15,44,
423,Greg Smith,25,MIN,PF,18,0,192,18,32,0.563,0,0,,18,32,0.563,0.563,7,17,0.412,12,30,42,6,4,1,7,28,43,
424,Pat Connaughton,23,POR,SG,34,0,143,13,49,0.265,5,21,0.238,8,28,0.286,0.316,5,5,1,11,21,32,10,2,0,10,6,36,
425,Damien Inglis,20,MIL,SF,20,1,156,13,37,0.351,3,13,0.231,10,24,0.417,0.392,7,8,0.875,2,29,31,10,6,3,11,11,36,
426,Elijah Millsap,28,UTA,SG,20,0,173,11,39,0.282,1,12,0.083,10,27,0.37,0.295,13,18,0.722,6,29,35,19,7,3,9,33,36,
427,Cameron Bairstow,25,CHI,C,18,2,103,13,40,0.325,1,5,0.2,12,35,0.343,0.338,7,8,0.875,4,24,28,6,2,3,4,19,34,
428,Cleanthony Early,24,NYK,SF,17,2,154,12,40,0.3,4,15,0.267,8,25,0.32,0.35,3,4,0.75,4,22,26,6,2,3,9,16,31,
429,Briante Weber,23,2TM,PG,7,4,169,14,39,0.359,0,5,0,14,34,0.412,0.359,3,4,0.75,8,17,25,21,9,3,9,12,31,
429,Briante Weber,23,MEM,PG,6,4,166,13,38,0.342,0,5,0,13,33,0.394,0.342,3,4,0.75,8,16,24,20,9,3,9,11,29,
429,Briante Weber,23,MIA,PG,1,0,3,1,1,1,0,0,,1,1,1,1,0,0,,0,1,1,1,0,0,0,1,2,
430,Jeff Ayres,28,LAC,C,17,0,107,12,23,0.522,0,1,0,12,22,0.545,0.522,6,6,1,4,18,22,5,0,3,6,18,30,
431,Alan Williams,23,PHO,PF,10,0,68,10,24,0.417,0,0,,10,24,0.417,0.417,9,14,0.643,14,24,38,5,4,5,6,15,29,
432,James Young,20,BOS,SG,29,0,199,11,36,0.306,6,26,0.231,5,10,0.5,0.389,1,4,0.25,4,22,26,9,6,1,5,17,29,
433,Anthony Bennett,22,TOR,PF,19,0,84,8,27,0.296,3,14,0.214,5,13,0.385,0.352,9,10,0.9,6,17,23,0,5,0,4,8,28,
434,Mitch McGary,23,OKC,PF,20,0,72,11,23,0.478,0,4,0,11,19,0.579,0.478,4,10,0.4,4,14,18,3,1,2,7,10,26,
435,Orlando Johnson,26,2TM,SG,7,1,101,9,34,0.265,2,10,0.2,7,24,0.292,0.294,6,8,0.75,4,11,15,2,3,3,4,9,26,
435,Orlando Johnson,26,PHO,SG,2,0,47,5,17,0.294,1,5,0.2,4,12,0.333,0.324,5,6,0.833,3,6,9,0,2,3,1,5,16,
435,Orlando Johnson,26,NOP,SG,5,1,54,4,17,0.235,1,5,0.2,3,12,0.25,0.265,1,2,0.5,1,5,6,2,1,0,3,4,10,
Rk,Player,Age,Team,Pos,G,GS,MP,FG,FGA,FG%,3P,3PA,3P%,2P,2PA,2P%,eFG%,FT,FTA,FT%,ORB,DRB,TRB,AST,STL,BLK,TOV,PF,PTS,Awards
436,Edy Tavares,23,ATL,C,11,0,73,11,19,0.579,0,0,,11,19,0.579,0.579,3,8,0.375,7,14,21,3,1,6,5,8,25,
437,Tibor Pleiß,26,UTA,C,12,0,82,11,25,0.44,0,2,0,11,23,0.478,0.44,2,2,1,6,9,15,2,1,2,8,19,24,
438,Steve Novak,32,2TM,PF,10,0,44,8,18,0.444,7,15,0.467,1,3,0.333,0.639,1,1,1,0,5,5,0,0,0,1,3,24,
438,Steve Novak,32,OKC,PF,7,0,24,6,12,0.5,5,9,0.556,1,3,0.333,0.708,0,0,,0,4,4,0,0,0,1,1,17,
438,Steve Novak,32,MIL,PF,3,0,20,2,6,0.333,2,6,0.333,0,0,,0.5,1,1,1,0,1,1,0,0,0,0,2,7,
439,Sasha Kaun,30,CLE,C,25,0,95,9,17,0.529,0,0,,9,17,0.529,0.529,5,11,0.455,12,14,26,3,4,5,7,11,23,
440,Russ Smith,24,MEM,PG,15,0,66,7,22,0.318,1,5,0.2,6,17,0.353,0.341,8,13,0.615,1,8,9,11,5,1,7,5,23,
441,Andrew Goudelock,27,HOU,PG,8,0,50,9,20,0.45,1,9,0.111,8,11,0.727,0.475,3,4,0.75,1,1,2,4,6,2,7,4,22,
442,Jorge Gutiérrez,27,CHO,PG,12,0,63,6,11,0.545,0,2,0,6,9,0.667,0.545,10,11,0.909,0,7,7,17,3,0,6,3,22,
443,Cory Jefferson,25,PHO,PF,8,0,50,9,22,0.409,0,1,0,9,21,0.429,0.409,4,6,0.667,6,10,16,0,0,1,0,8,22,
444,Jodie Meeks,28,DET,SG,3,0,43,7,20,0.35,4,9,0.444,3,11,0.273,0.45,4,4,1,1,4,5,3,0,0,1,2,22,
445,Alex Stepheson,28,2TM,PF,8,0,73,9,27,0.333,0,0,,9,27,0.333,0.333,4,12,0.333,19,9,28,2,1,5,0,12,22,
445,Alex Stepheson,28,LAC,PF,4,0,12,1,1,1,0,0,,1,1,1,1,0,2,0,1,1,2,0,0,2,0,4,2,
445,Alex Stepheson,28,MEM,PF,4,0,61,8,26,0.308,0,0,,8,26,0.308,0.308,4,10,0.4,18,8,26,2,1,3,0,8,20,
446,Jordan Mickey,21,BOS,PF,16,0,57,8,22,0.364,0,0,,8,22,0.364,0.364,5,10,0.5,6,7,13,1,0,11,1,5,21,
447,Lorenzo Brown,25,PHO,PG,8,0,61,8,25,0.32,1,8,0.125,7,17,0.412,0.34,3,4,0.75,0,7,7,11,3,1,9,4,20,
448,Joel Anthony,33,DET,C,19,0,96,6,10,0.6,0,0,,6,10,0.6,0.6,6,8,0.75,8,13,21,1,2,12,2,15,18,
449,Aaron Harrison,21,CHO,SG,21,0,93,5,19,0.263,3,10,0.3,2,9,0.222,0.342,5,12,0.417,4,11,15,2,6,0,4,10,18,
450,Josh Huestis,24,OKC,PF,5,0,55,5,12,0.417,4,6,0.667,1,6,0.167,0.583,0,4,0,2,8,10,0,1,2,3,3,14,
451,Luis Montero,22,POR,SG,12,0,42,5,19,0.263,1,9,0.111,4,10,0.4,0.289,3,4,0.75,0,4,4,1,0,0,4,1,14,
452,Erick Green,24,2TM,PG,9,0,42,5,13,0.385,1,5,0.2,4,8,0.5,0.423,2,2,1,3,3,6,3,1,0,0,4,13,
452,Erick Green,24,DEN,PG,3,0,7,0,1,0,0,1,0,0,0,,0,0,0,,0,1,1,1,0,0,0,0,0,
452,Erick Green,24,UTA,PG,6,0,35,5,12,0.417,1,4,0.25,4,8,0.5,0.458,2,2,1,3,2,5,2,1,0,0,4,13,
453,Justin Harper,26,DET,PF,5,0,35,4,10,0.4,4,9,0.444,0,1,0,0.6,1,2,0.5,0,1,1,0,1,0,2,3,13,
454,Dahntay Jones,35,CLE,SF,1,0,42,6,14,0.429,1,2,0.5,5,12,0.417,0.464,0,0,,1,4,5,2,1,2,0,6,13,
455,Shayne Whittington,24,IND,PF,7,0,41,5,11,0.455,0,2,0,5,9,0.556,0.455,1,2,0.5,5,7,12,3,1,1,5,7,11,
456,Cliff Alexander,20,POR,PF,8,0,36,5,10,0.5,0,0,,5,10,0.5,0.5,0,0,,2,4,6,0,1,2,1,1,10,
457,Kevon Looney,19,GSW,PF,5,0,21,4,7,0.571,1,2,0.5,3,5,0.6,0.643,0,0,,4,6,10,0,0,0,1,2,9,
458,Jimmer Fredette,26,2TM,SG,6,0,18,2,5,0.4,1,2,0.5,1,3,0.333,0.5,4,5,0.8,0,0,0,1,1,0,2,2,9,
458,Jimmer Fredette,26,NOP,SG,4,0,13,1,4,0.25,0,1,0,1,3,0.333,0.25,0,0,,0,0,0,1,1,0,1,1,2,
458,Jimmer Fredette,26,NYK,SG,2,0,5,1,1,1,1,1,1,0,0,,1.5,4,5,0.8,0,0,0,0,0,0,1,1,7,
459,Nazr Mohammed,38,OKC,C,5,0,19,3,5,0.6,0,0,,3,5,0.6,0.6,2,2,1,1,3,4,0,0,0,3,4,8,
460,Eric Moreland,24,SAC,PF,8,0,48,3,6,0.5,0,0,,3,6,0.5,0.5,2,4,0.5,3,8,11,1,0,4,3,4,8,
461,Elliot Williams,26,MEM,PG,5,0,45,2,10,0.2,1,4,0.25,1,6,0.167,0.25,3,4,0.75,1,3,4,4,0,0,1,2,8,
462,Bryce Cotton,23,2TM,PG,8,0,39,4,10,0.4,0,3,0,4,7,0.571,0.4,0,0,,0,0,0,3,3,0,5,2,8,
462,Bryce Cotton,23,PHO,PG,3,0,33,2,8,0.25,0,3,0,2,5,0.4,0.25,0,0,,0,0,0,3,3,0,5,2,4,
462,Bryce Cotton,23,MEM,PG,5,0,6,2,2,1,0,0,,2,2,1,1,0,0,,0,0,0,0,0,0,0,0,4,
463,Jordan Adams,21,MEM,SG,2,0,15,2,6,0.333,0,1,0,2,5,0.4,0.333,3,5,0.6,0,2,2,3,3,0,2,2,7,
464,Jarnell Stokes,22,2TM,C,7,0,18,3,5,0.6,0,0,,3,5,0.6,0.6,1,2,0.5,1,3,4,1,1,0,0,1,7,
464,Jarnell Stokes,22,MEM,C,2,0,4,0,0,,0,0,,0,0,,,0,0,,1,1,2,0,0,0,0,0,0,
464,Jarnell Stokes,22,MIA,C,5,0,14,3,5,0.6,0,0,,3,5,0.6,0.6,1,2,0.5,0,2,2,1,1,0,0,1,7,
465,Thanasis Antetokounmpo,23,NYK,SF,2,0,6,3,4,0.75,0,1,0,3,3,1,0.75,0,0,,0,1,1,0,0,0,0,2,6,
466,Keith Appling,23,ORL,PG,5,0,27,2,8,0.25,0,3,0,2,5,0.4,0.25,2,2,1,0,1,1,1,1,0,3,5,6,
467,Coty Clarke,23,BOS,SF,3,0,6,2,4,0.5,2,2,1,0,2,0,0.75,0,0,,0,1,1,0,0,0,1,0,6,
468,Duje Dukan,24,SAC,SF,1,0,24,2,10,0.2,2,5,0.4,0,5,0,0.3,0,0,,2,2,4,1,1,0,0,2,6,
469,Branden Dawson,22,LAC,PF,6,0,29,2,5,0.4,0,0,,2,5,0.4,0.4,1,1,1,2,2,4,0,0,1,0,2,5,
470,Rakeem Christmas,24,IND,PF,1,0,6,2,2,1,0,0,,2,2,1,1,0,0,,1,0,1,0,0,0,0,1,4,
471,Chuck Hayes,32,HOU,C,2,0,24,1,2,0.5,0,0,,1,2,0.5,0.5,2,2,1,0,8,8,2,0,0,3,6,4,
472,Bruno Caboclo,20,TOR,SF,6,1,43,1,12,0.083,1,7,0.143,0,5,0,0.125,0,0,,1,1,2,1,2,1,4,2,3,
473,Joe Harris,24,CLE,SG,5,0,15,1,4,0.25,1,4,0.25,0,0,,0.375,0,0,,0,3,3,2,0,0,1,1,3,
474,Sam Dekker,21,HOU,PF,3,0,6,0,0,,0,0,,0,0,,,0,0,,0,1,1,0,1,0,0,0,0,
475,J.J. O'Brien,23,UTA,SF,2,0,6,0,1,0,0,0,,0,1,0,0,0,0,,0,1,1,0,1,0,0,1,0,
476,Nate Robinson,31,NOP,PG,2,1,23,0,1,0,0,1,0,0,0,,0,0,0,,0,0,0,4,1,0,0,5,0,
,League Average,,,,,,,,,0.452,,,0.354,,,0.491,0.502,,,0.757,,,,,,,,,,
,,,,,,,,,,,,,,,,,,,,,,,,,,,,,,
,,,,,,,,,,,,,,,,,,,,,,,,,,,,,,
,,,,,,,,,,,,,,,,,,,,,,,,,,,,,,
,,,,,,,,,,,,,,,,,,,,,,,,,,,,,,
,,,,,,,,,,,,,,,,,,,,,,,,,,,,,,
,,,,,,,,,,,,,,,,,,,,,,,,,,,,,,
,,,,,,,,,,,,,,,,,,,,,,,,,,,,,,
,,,,,,,,,,,,,,,,,,,,,,,,,,,,,,
,,,,,,,,,,,,,,,,,,,,,,,,,,,,,,
,,,,,,,,,,,,,,,,,,,,,,,,,,,,,,
,,,,,,,,,,,,,,,,,,,,,,,,,,,,,,
,,,,,,,,,,,,,,,,,,,,,,,,,,,,,,
,,,,,,,,,,,,,,,,,,,,,,,,,,,,,,
,,,,,,,,,,,,,,,,,,,,,,,,,,,,,,
,,,,,,,,,,,,,,,,,,,,,,,,,,,,,,
,,,,,,,,,,,,,,,,,,,,,,,,,,,,,,
,,,,,,,,,,,,,,,,,,,,,,,,,,,,,,
,,,,,,,,,,,,,,,,,,,,,,,,,,,,,,
,,,,,,,,,,,,,,,,,,,,,,,,,,,,,,
,,,,,,,,,,,,,,,,,,,,,,,,,,,,,,
,,,,,,,,,,,,,,,,,,,,,,,,,,,,,,
,,,,,,,,,,,,,,,,,,,,,,,,,,,,,,
,,,,,,,,,,,,,,,,,,,,,,,,,,,,,,
,,,,,,,,,,,,,,,,,,,,,,,,,,,,,,
,,,,,,,,,,,,,,,,,,,,,,,,,,,,,,
,,,,,,,,,,,,,,,,,,,,,,,,,,,,,,
,,,,,,,,,,,,,,,,,,,,,,,,,,,,,,
,,,,,,,,,,,,,,,,,,,,,,,,,,,,,,
,,,,,,,,,,,,,,,,,,,,,,,,,,,,,,
,,,,,,,,,,,,,,,,,,,,,,,,,,,,,,
,,,,,,,,,,,,,,,,,,,,,,,,,,,,,,
,,,,,,,,,,,,,,,,,,,,,,,,,,,,,,
,,,,,,,,,,,,,,,,,,,,,,,,,,,,,,
,,,,,,,,,,,,,,,,,,,,,,,,,,,,,,
,,,,,,,,,,,,,,,,,,,,,,,,,,,,,,
,,,,,,,,,,,,,,,,,,,,,,,,,,,,,,
,,,,,,,,,,,,,,,,,,,,,,,,,,,,,,
,,,,,,,,,,,,,,,,,,,,,,,,,,,,,,
,,,,,,,,,,,,,,,,,,,,,,,,,,,,,,
,,,,,,,,,,,,,,,,,,,,,,,,,,,,,,
,,,,,,,,,,,,,,,,,,,,,,,,,,,,,,
,,,,,,,,,,,,,,,,,,,,,,,,,,,,,,
